transaction_id,transaction_name,amount,authorized_date,date,category,account_id
d5b9bDLRyVUJY9ZqdNKEtE4L4KD5rvTbjLaO4,CVS,22.82,2021-12-30,2021-12-31,"['Shops', 'Pharmacies']",r1m4mgrJXVHxgz0bKpMLFPM0n6zeE5CBrbPAO
6VMyMReabmTNaB9mg73wuN8e8751BKtaLmXRK,ONEGOAL DIRECT DEP PPD ID: 9111111102,-2040.98,,2021-12-30,"['Transfer', 'Payroll']",r1m4mgrJXVHxgz0bKpMLFPM0n6zeE5CBrbPAO
wy4d4ARDqOFm87RbA5MBF0MwM1NreDfLogBNq,Venmo,25.0,,2021-12-30,"['Transfer', 'Third Party', 'Venmo']",r1m4mgrJXVHxgz0bKpMLFPM0n6zeE5CBrbPAO
DoMYMrxAONc0D6p5nVwXc0POP8qw6JfZ30KbM,ATM WITHDRAWAL 005696 12/296201 W,40.0,2021-12-29,2021-12-29,"['Transfer', 'Withdrawal', 'ATM']",r1m4mgrJXVHxgz0bKpMLFPM0n6zeE5CBrbPAO
Lo6J6Dqwbacg7vNyaMpjIZYEYkzprKC04aXg4,WITHDRAWAL 12/29,10.0,2021-12-29,2021-12-29,"['Transfer', 'Withdrawal']",r1m4mgrJXVHxgz0bKpMLFPM0n6zeE5CBrbPAO
1EM1MQnv7eHz13A9j7DRczd3dkn4JZtm8ExNa,Venmo,-295.5,,2021-12-28,"['Transfer', 'Third Party', 'Venmo']",r1m4mgrJXVHxgz0bKpMLFPM0n6zeE5CBrbPAO
KowmwLPdQacX5oYm4Jp3IxJLJq8pd5tQ7Ago4,Amazon,671.1,2021-12-25,2021-12-27,"['Shops', 'Digital Purchase']",r1m4mgrJXVHxgz0bKpMLFPM0n6zeE5CBrbPAO
qDkxkXrJovTwKeObZJM6fVMYM1P5OzfJvP605,CHO DANG TOFU VILLA gosq.com TX 12/24,65.1,2021-12-24,2021-12-27,"['Food and Drink', 'Restaurants']",r1m4mgrJXVHxgz0bKpMLFPM0n6zeE5CBrbPAO
BpRVR9xK38i4axj16bJEFa3o3MbdgLc9kQZbM,DAISO TX01 CARROLLTON CARROLLTON TX 12/24,3.25,2021-12-24,2021-12-27,['Shops'],r1m4mgrJXVHxgz0bKpMLFPM0n6zeE5CBrbPAO
PoPbPBK139cwBVOLbJAgfYdndoXe3qFm3DqNQ,ESCAPE CARROLLTON TX 12/26,22.0,2021-12-26,2021-12-27,"['Food and Drink', 'Restaurants']",r1m4mgrJXVHxgz0bKpMLFPM0n6zeE5CBrbPAO
0eMDManAQ8sZn7NQYgLDcZpBp8K3VzCrao44m,PURCHASE INTEREST CHARGE,245.62,2021-12-27,2021-12-27,"['Interest', 'Interest Charged']",a5ZmZwdJDjU4ewp1Y8BkFKDELpxo18SZK4oaD
ykx6xO4PR9fEj3qb47MyUAMYM6JoxKhOx9yBe,Starbucks,7.79,2021-12-24,2021-12-27,"['Food and Drink', 'Restaurants', 'Coffee Shop']",r1m4mgrJXVHxgz0bKpMLFPM0n6zeE5CBrbPAO
3VeqeQnm08TdBDx13vPwsM080p3mEkUKBQqgb,TFK PLANO PLANO TX 12/24,30.98,2021-12-24,2021-12-27,"['Food and Drink', 'Bar']",r1m4mgrJXVHxgz0bKpMLFPM0n6zeE5CBrbPAO
j51o1y3bAVUYMK8yg4rJIXjbje8Or7tRXmnnd,AUTOMATIC PAYMENT - THANK,-364.0,2021-12-24,2021-12-24,"['Payment', 'Credit Card']",a5ZmZwdJDjU4ewp1Y8BkFKDELpxo18SZK4oaD
kXPbPKyZgnS7gOwxoE48UNZJZz6rxqtRB0Xem,CHASE CREDIT CRD AUTOPAY PPD ID: 4760039224,364.0,,2021-12-24,"['Payment', 'Credit Card']",r1m4mgrJXVHxgz0bKpMLFPM0n6zeE5CBrbPAO
AVMNMa8yKET0e31K9bxDc0E6EDYKXpf60QA4L,DFW AIRPORT PARKING DFW AIRPORT TX 12/23,2.0,2021-12-23,2021-12-23,"['Travel', 'Parking']",r1m4mgrJXVHxgz0bKpMLFPM0n6zeE5CBrbPAO
v3rVragLO0T5DZyb0XMqfbMNMjYED9fmjzqey,Venmo,-267.95,,2021-12-23,"['Transfer', 'Third Party', 'Venmo']",r1m4mgrJXVHxgz0bKpMLFPM0n6zeE5CBrbPAO
r1m4mgrJXVHxgz0bKpMLFPMOM6D4e7UB8eLDv,Neiman Marcus,284.7,2021-12-21,2021-12-22,"['Shops', 'Department Stores']",r1m4mgrJXVHxgz0bKpMLFPM0n6zeE5CBrbPAO
0eMDManAQ8sZn7NQYgLDcZpBp8K3VzCrao4qL,USPS PO 48147600 3755 CARROLLTON TX 837388 12/22,39.56,2021-12-22,2021-12-22,"['Service', 'Shipping and Freight']",r1m4mgrJXVHxgz0bKpMLFPM0n6zeE5CBrbPAO
j51o1y3bAVUYMK8yg4rJIXjbje8Or7tRXmn7N,Verizon Wireless,163.18,,2021-12-22,"['Service', 'Telecommunication Services']",r1m4mgrJXVHxgz0bKpMLFPM0n6zeE5CBrbPAO
xKawaOr1mvfNX9wekRM3uw8r8DvRX5fMvybx8,CAPITAL ONE CRCARDPMT 3H6E4KM11KRNX14 WEB ID: 9541719018,419.0,,2021-12-21,"['Payment', 'Credit Card']",r1m4mgrJXVHxgz0bKpMLFPM0n6zeE5CBrbPAO
4VMBMbnrNQTN4gw5LPqDuNObOx10PptkQ8o4w,Neiman Marcus,162.38,2021-12-21,2021-12-21,"['Shops', 'Department Stores']",r1m4mgrJXVHxgz0bKpMLFPM0n6zeE5CBrbPAO
JXdJd61myxSdwpn15MqJsXyoy39Ezptbpq4Dd,SP * DOT CARDS 170-64521395 NC 12/20,25.95,2021-12-20,2021-12-21,"['Shops', 'Clothing and Accessories']",r1m4mgrJXVHxgz0bKpMLFPM0n6zeE5CBrbPAO
a5ZmZwdJDjU4ewp1Y8BkFKDjDpMVo6hZebAO6,Target,149.34,2021-12-21,2021-12-21,"['Shops', 'Supermarkets and Groceries']",r1m4mgrJXVHxgz0bKpMLFPM0n6zeE5CBrbPAO
4VMBMbnrNQTN4gw5LPqDuNObOx10PptkQ8o4A,ATM CASH DEPOSIT 12/18 14114 DALLAS PKWY,-739.0,2021-12-18,2021-12-20,"['Transfer', 'Deposit', 'ATM']",r1m4mgrJXVHxgz0bKpMLFPM0n6zeE5CBrbPAO
BpRVR9xK38i4axj16bJEFa3o3MbdgLc9kQZbZ,CHASE CREDIT CRD AUTOPAY PPD ID: 4760039224,206.0,,2021-12-20,"['Payment', 'Credit Card']",r1m4mgrJXVHxgz0bKpMLFPM0n6zeE5CBrbPAO
0eMDManAQ8sZn7NQYgLDcZpBp8K3VzCrao4qm,GO EASY Dallas TX 12/18,60.62,2021-12-18,2021-12-20,"['Transfer', 'Third Party', 'Square']",r1m4mgrJXVHxgz0bKpMLFPM0n6zeE5CBrbPAO
3VeqeQnm08TdBDx13vPwsM080p3mEkUKBQqgE,HOPDODDY ADDISON TX 12/20,34.23,2021-12-20,2021-12-20,"['Food and Drink', 'Restaurants']",r1m4mgrJXVHxgz0bKpMLFPM0n6zeE5CBrbPAO
v3rVragLO0T5DZyb0XMqfbMNMjYED9fmjzqew,MAISON MONVOISIN LLC DALLAS TX 12/18,17.86,2021-12-18,2021-12-20,"['Recreation', 'Arts and Entertainment']",r1m4mgrJXVHxgz0bKpMLFPM0n6zeE5CBrbPAO
j51o1y3bAVUYMK8yg4rJIXjbje8Or7tRXmn7d,PAIK'S NOODLE CARROLLTON TX 12/16,37.93,2021-12-16,2021-12-20,"['Food and Drink', 'Restaurants']",r1m4mgrJXVHxgz0bKpMLFPM0n6zeE5CBrbPAO
AVMNMa8yKET0e31K9bxDc0E6EDYKXpf60QAAR,PROMOTION INTEREST CHARGE,1.58,2021-12-20,2021-12-20,"['Interest', 'Interest Charged']",4VMBMbnrNQTN4gw5LPqDuNO3vxBP9mtkDqwEV
kXPbPKyZgnS7gOwxoE48UNZJZz6rxqtRB0XXV,PURCHASE INTEREST CHARGE,120.75,2021-12-20,2021-12-20,"['Interest', 'Interest Charged']",4VMBMbnrNQTN4gw5LPqDuNO3vxBP9mtkDqwEV
AVMNMa8yKET0e31K9bxDc0E6EDYKXpf60QA4R,RARE HEART VINTAGE Dallas TX 12/18,43.3,2021-12-18,2021-12-20,"['Food and Drink', 'Restaurants']",r1m4mgrJXVHxgz0bKpMLFPM0n6zeE5CBrbPAO
KowmwLPdQacX5oYm4Jp3IxJLJq8pd5tQ7Ago8,SP * ETTIENE MARKET TX 12/18,55.21,2021-12-18,2021-12-20,"['Shops', 'Supermarkets and Groceries']",r1m4mgrJXVHxgz0bKpMLFPM0n6zeE5CBrbPAO
ykx6xO4PR9fEj3qb47MyUAMYM6JoxKhOx9yBn,SP * EVESADDICTION.C HTTPSFYFEVES. CT 12/18,103.13,2021-12-18,2021-12-20,"['Shops', 'Clothing and Accessories']",r1m4mgrJXVHxgz0bKpMLFPM0n6zeE5CBrbPAO
kXPbPKyZgnS7gOwxoE48UNZJZz6rxqtRB0XeV,THE SALTY DONUT - B Dallas TX 12/18,38.41,2021-12-18,2021-12-20,"['Food and Drink', 'Restaurants']",r1m4mgrJXVHxgz0bKpMLFPM0n6zeE5CBrbPAO
r1m4mgrJXVHxgz0bKpMLFPMOM6D4e7UB8eLDJ,Venmo,-103.13,,2021-12-20,"['Transfer', 'Third Party', 'Venmo']",r1m4mgrJXVHxgz0bKpMLFPM0n6zeE5CBrbPAO
8VMkMaxwJNT6eQgdDaXVF6z5zdDM0aFy9BE44,Venmo,103.0,,2021-12-20,"['Transfer', 'Third Party', 'Venmo']",r1m4mgrJXVHxgz0bKpMLFPM0n6zeE5CBrbPAO
v3rVragLO0T5DZyb0XMqfbMNMjYED9fmjzqqw,AUTOMATIC PAYMENT - THANK,-206.0,2021-12-17,2021-12-17,"['Payment', 'Credit Card']",4VMBMbnrNQTN4gw5LPqDuNO3vxBP9mtkDqwEV
xKawaOr1mvfNX9wekRM3uw8r8DvRX5fMvybxO,CVS,9.0,2021-12-16,2021-12-17,"['Shops', 'Pharmacies']",r1m4mgrJXVHxgz0bKpMLFPM0n6zeE5CBrbPAO
a5ZmZwdJDjU4ewp1Y8BkFKDjDpMVo6hZebAOZ,ESCAPE CARROLLTON TX 12/16,11.0,2021-12-16,2021-12-17,"['Food and Drink', 'Restaurants']",r1m4mgrJXVHxgz0bKpMLFPM0n6zeE5CBrbPAO
JXdJd61myxSdwpn15MqJsXyoy39Ezptbpq4D0,PARKMOBILE TX 12/17,1.1,2021-12-17,2021-12-17,"['Travel', 'Parking']",r1m4mgrJXVHxgz0bKpMLFPM0n6zeE5CBrbPAO
5zM3MRn4J8i91jJNA7BxF9vAvkPdbaUBK1nxb,345 Harrison WEB PMTS 68DN78 WEB ID: 1540857512,650.0,,2021-12-16,"['Payment', 'Rent']",r1m4mgrJXVHxgz0bKpMLFPM0n6zeE5CBrbPAO
Z5jRjPX0y7UKOyZA68w1CBJLJbA5kgCRxjgaV,CVS,55.0,2021-12-16,2021-12-16,"['Shops', 'Pharmacies']",r1m4mgrJXVHxgz0bKpMLFPM0n6zeE5CBrbPAO
bgm8m6wnoXta79gbApOzUkQ5QJvmY1Iqmoze9,Dunkin' Donuts,12.73,2021-12-15,2021-12-16,"['Food and Drink', 'Restaurants', 'Coffee Shop']",r1m4mgrJXVHxgz0bKpMLFPM0n6zeE5CBrbPAO
8VMkMaxwJNT6eQgdDaXVF6z5zdDM0aFy9BE4v,H MART - CARROLLTON CARROLLTON TX 441456 12/16,35.86,2021-12-16,2021-12-16,"['Shops', 'Supermarkets and Groceries']",r1m4mgrJXVHxgz0bKpMLFPM0n6zeE5CBrbPAO
o6y4yxrJnvcagYo80pEMUxNnNYoZDgtBPyEAk,HTTP://WWW.GOGOAIR.CO IL 12/15,17.0,2021-12-15,2021-12-16,"['Service', 'Internet Services']",r1m4mgrJXVHxgz0bKpMLFPM0n6zeE5CBrbPAO
gM686qPJkVH5paMDxOv4fzy5y8QYb4tqDajka,PARCEL PENDING CA 12/15,5.0,2021-12-15,2021-12-16,"['Service', 'Shipping and Freight']",r1m4mgrJXVHxgz0bKpMLFPM0n6zeE5CBrbPAO
7VzKzaxdRbT36NnaBbyXIBqKq1NvPdCQqEnJk,DFW AIRPORT PARKING DFW AIRPORT TX 12/15,2.0,2021-12-15,2021-12-15,"['Travel', 'Parking']",r1m4mgrJXVHxgz0bKpMLFPM0n6zeE5CBrbPAO
9OMAMbx6Jmf8OJLxZwkoC86r6zJK1NtdK49qo,ONEGOAL DIRECT DEP PPD ID: 9111111102,-2040.98,,2021-12-15,"['Transfer', 'Payroll']",r1m4mgrJXVHxgz0bKpMLFPM0n6zeE5CBrbPAO
EoMbMEdv0acpBm73ky64UpZYZxDg5MIpa8obr,1-800-Flowers.com,110.36,2021-12-12,2021-12-13,"['Shops', 'Florists']",r1m4mgrJXVHxgz0bKpMLFPM0n6zeE5CBrbPAO
Oo1O1qyDBmcdm1p6yekDsZ0A0x3kDOC83eOv1,Amazon,33.9,2021-12-11,2021-12-13,"['Shops', 'Digital Purchase']",r1m4mgrJXVHxgz0bKpMLFPM0n6zeE5CBrbPAO
MELJL1B6POHqQopd1gyRCnjojVOyJKFMVOKaV,McDonald's,8.38,2021-12-11,2021-12-13,"['Food and Drink', 'Restaurants', 'Fast Food']",r1m4mgrJXVHxgz0bKpMLFPM0n6zeE5CBrbPAO
RoBJByAqb9cLAkX1ngpoUEb8bempzZTyRoZmn,RIAD CORPORATION ALLSTON MA 12/10,9.56,2021-12-10,2021-12-13,"['Travel', 'Lodging']",r1m4mgrJXVHxgz0bKpMLFPM0n6zeE5CBrbPAO
QoqJq3kPBmc65N8n0gvpFBDRDOnpZPCEjMxxD,TST* DUDLEY CAFE ROXBURY MA 12/11,24.57,2021-12-11,2021-12-13,"['Food and Drink', 'Restaurants']",r1m4mgrJXVHxgz0bKpMLFPM0n6zeE5CBrbPAO
V5kQk6XKM9Uq80Z3gzawCA1d14E5zMhrLYM38,WOO JUNG RESTAURANT AYER MA 12/11,82.58,2021-12-11,2021-12-13,"['Food and Drink', 'Restaurants']",r1m4mgrJXVHxgz0bKpMLFPM0n6zeE5CBrbPAO
pLK4KAxJmjiPVKYbmpMwi7M4MVzEZAhJjDwwz,SWEETGREEN INK BLOCK BOSTON MA 12/09,12.79,2021-12-09,2021-12-10,"['Food and Drink', 'Restaurants']",r1m4mgrJXVHxgz0bKpMLFPM0n6zeE5CBrbPAO
nw343vAbXViO5817RpMEfVemeObX18fA4NkkX,Walgreens,16.98,2021-12-10,2021-12-10,"['Shops', 'Pharmacies']",r1m4mgrJXVHxgz0bKpMLFPM0n6zeE5CBrbPAO
ezdMd1DJymi8j7Nv5YkRCAD5DnxZaMhd1Y33R,PAYPAL TRANSFER PPD ID: PAYPALSD11,-225.0,,2021-12-09,"['Transfer', 'Third Party', 'PayPal']",r1m4mgrJXVHxgz0bKpMLFPM0n6zeE5CBrbPAO
NoDJDP3L79cYXapwvmK8IOqJqo0KQ6tRrQ66e,SHAWS 1497 WALTHAM MA 12/09 Purchase $206.50 Cash Back $20.00,226.5,2021-12-09,2021-12-09,"['Shops', 'Supermarkets and Groceries']",r1m4mgrJXVHxgz0bKpMLFPM0n6zeE5CBrbPAO
X5v8vmXAr9U3ABzK5pJLI19M9dDZANC48yNNe,SHAWS 1497 WALTHAM MA 227636 12/09,30.0,2021-12-09,2021-12-09,"['Food and Drink', 'Restaurants']",r1m4mgrJXVHxgz0bKpMLFPM0n6zeE5CBrbPAO
mdB4BAkojncVrZ94gpO5FqpLpoazbVCMyQ110,NBPA - IPS NEW BRUNSWICK NJ 12/06,4.0,2021-12-06,2021-12-07,"['Travel', 'Parking']",r1m4mgrJXVHxgz0bKpMLFPM0n6zeE5CBrbPAO
YQ0p01XvMRtyg6QkL8ODf8151Jqz4MtQ3YMM6,USPS PO 24009401 59 W BOSTON MA 703019 12/07,30.59,2021-12-07,2021-12-07,"['Service', 'Shipping and Freight']",r1m4mgrJXVHxgz0bKpMLFPM0n6zeE5CBrbPAO
zAJLJOaqRpCpqmVQLvMKUZ8w8xPQ51CO3RbbE,Venmo,275.0,,2021-12-07,"['Transfer', 'Third Party', 'Venmo']",r1m4mgrJXVHxgz0bKpMLFPM0n6zeE5CBrbPAO
BpRVR9xK38i4axj16bJEFa3o3MbdgLc9kQZZZ,APPLE.COM/BILL CA 12/04,0.99,2021-12-04,2021-12-06,"['Shops', 'Digital Purchase']",r1m4mgrJXVHxgz0bKpMLFPM0n6zeE5CBrbPAO
PoPbPBK139cwBVOLbJAgfYdndoXe3qFm3DqqP,ATM WITHDRAWAL 005489 12/04345 Harri,300.0,2021-12-04,2021-12-06,"['Transfer', 'Withdrawal', 'ATM']",r1m4mgrJXVHxgz0bKpMLFPM0n6zeE5CBrbPAO
3VeqeQnm08TdBDx13vPwsM080p3mEkUKBQqqE,CLEARING HOUSE ESTATE CT 12/02,156.87,2021-12-02,2021-12-06,"['Service', 'Financial']",r1m4mgrJXVHxgz0bKpMLFPM0n6zeE5CBrbPAO
qDkxkXrJovTwKeObZJM6fVMYM1P5OzfJvP660,COMMITTEE MA 12/04,49.21,2021-12-04,2021-12-06,"['Food and Drink', 'Restaurants']",r1m4mgrJXVHxgz0bKpMLFPM0n6zeE5CBrbPAO
6VMyMReabmTNaB9mg73wuN8e8751BKtaLmXX3,Costco,4.79,2021-12-05,2021-12-06,"['Shops', 'Warehouses and Wholesale Stores']",r1m4mgrJXVHxgz0bKpMLFPM0n6zeE5CBrbPAO
DoMYMrxAONc0D6p5nVwXc0POP8qw6JfZ30KK5,GULF MART 856 FRAMINGHAM MA 12/05,42.02,2021-12-05,2021-12-06,"['Travel', 'Gas Stations']",r1m4mgrJXVHxgz0bKpMLFPM0n6zeE5CBrbPAO
d5b9bDLRyVUJY9ZqdNKEtE4L4KD5rvTbjLaar,MILFORD TPKE (E MILFORD CT 12/06,51.31,2021-12-06,2021-12-06,"['Transfer', 'Debit']",r1m4mgrJXVHxgz0bKpMLFPM0n6zeE5CBrbPAO
1EM1MQnv7eHz13A9j7DRczd3dkn4JZtm8ExxZ,Starbucks,19.96,2021-12-05,2021-12-06,"['Food and Drink', 'Restaurants', 'Coffee Shop']",r1m4mgrJXVHxgz0bKpMLFPM0n6zeE5CBrbPAO
Lo6J6Dqwbacg7vNyaMpjIZYEYkzprKC04aXX1,THE ONE BEAUTY INC OLD BRIDGE TO NJ 12/05,53.31,2021-12-05,2021-12-06,"['Shops', 'Beauty Products']",r1m4mgrJXVHxgz0bKpMLFPM0n6zeE5CBrbPAO
KowmwLPdQacX5oYm4Jp3IxJLJq8pd5tQ7Agg8,Venmo,-269.6,,2021-12-06,"['Transfer', 'Third Party', 'Venmo']",r1m4mgrJXVHxgz0bKpMLFPM0n6zeE5CBrbPAO
ykx6xO4PR9fEj3qb47MyUAMYM6JoxKhOx9yyn,Venmo,-151.55,,2021-12-06,"['Transfer', 'Third Party', 'Venmo']",r1m4mgrJXVHxgz0bKpMLFPM0n6zeE5CBrbPAO
wy4d4ARDqOFm87RbA5MBF0MwM1NreDfLogBBY,Venmo,8.0,,2021-12-06,"['Transfer', 'Third Party', 'Venmo']",r1m4mgrJXVHxgz0bKpMLFPM0n6zeE5CBrbPAO
wy4d4ARDqOFm87RbA5MBF0dqMnLEMDCLr4rR7,CAPITAL ONE MOBILE PMT 3H2U84CAC83DWQG WEB ID: 9279744980,200.0,,2021-12-03,"['Payment', 'Credit Card']",r1m4mgrJXVHxgz0bKpMLFPM0n6zeE5CBrbPAO
d5b9bDLRyVUJY9ZqdNKEtEZp4Ry64vfbDnDoz,Spotify,9.99,2021-12-03,2021-12-03,"['Service', 'Subscription']",r1m4mgrJXVHxgz0bKpMLFPM0n6zeE5CBrbPAO
mdB4BAkojncVrZ94gpO5FqjRp93DpVfMN5N8w,USPS PO 24008701 7 AVE BOSTON MA 308902 12/03,7.95,2021-12-03,2021-12-03,"['Service', 'Shipping and Freight']",r1m4mgrJXVHxgz0bKpMLFPM0n6zeE5CBrbPAO
1EM1MQnv7eHz13A9j7DRczPjdVOpdZfmAvAYb,CLEARING HOUSE ESTATE CT 11/30,6.27,2021-11-30,2021-12-02,"['Service', 'Financial']",r1m4mgrJXVHxgz0bKpMLFPM0n6zeE5CBrbPAO
PoPbPBK139cwBVOLbJAgfYBrdD18dqSmJxJOm,PAYPAL TRANSFER PPD ID: PAYPALSD11,-377.0,,2021-12-02,"['Transfer', 'Third Party', 'PayPal']",r1m4mgrJXVHxgz0bKpMLFPM0n6zeE5CBrbPAO
Lo6J6Dqwbacg7vNyaMpjIZ7oYMeAYKU08M8Jv,RAMBLE MARKET WALTHAM MA 12/02,52.81,2021-12-02,2021-12-02,"['Shops', 'Supermarkets and Groceries']",r1m4mgrJXVHxgz0bKpMLFPM0n6zeE5CBrbPAO
DoMYMrxAONc0D6p5nVwXc0DLPMbxPJCZgagXo,TARGET 00018986 DORCHESTER MA 12/01,1.39,2021-12-01,2021-12-02,"['Shops', 'Supermarkets and Groceries']",r1m4mgrJXVHxgz0bKpMLFPM0n6zeE5CBrbPAO
6VMyMReabmTNaB9mg73wuNzV8gD38KIaYJYA4,USPS PO 24007401 133 C BOSTON MA 852380 12/02,32.0,2021-12-02,2021-12-02,"['Service', 'Shipping and Freight']",r1m4mgrJXVHxgz0bKpMLFPM0n6zeE5CBrbPAO
KowmwLPdQacX5oYm4Jp3IxRjJrMwJ5HQNjNyL,345 Harrison WEB PMTS TWLF58 WEB ID: 1540857512,650.0,,2021-12-01,"['Payment', 'Rent']",r1m4mgrJXVHxgz0bKpMLFPM0n6zeE5CBrbPAO
kXPbPKyZgnS7gOwxoE48UNvAZj3oZqIREmEbD,PAYPAL TRANSFER PPD ID: PAYPALSD11,-43.5,,2021-12-01,"['Transfer', 'Third Party', 'PayPal']",r1m4mgrJXVHxgz0bKpMLFPM0n6zeE5CBrbPAO
3VeqeQnm08TdBDx13vPwsMeo0jr40ktKL5LPA,Venmo,144.81,,2021-12-01,"['Transfer', 'Third Party', 'Venmo']",r1m4mgrJXVHxgz0bKpMLFPM0n6zeE5CBrbPAO
BpRVR9xK38i4axj16bJEFa0R3wDz3Lt9NpNvv,Venmo,144.81,,2021-12-01,"['Transfer', 'Third Party', 'Venmo']",r1m4mgrJXVHxgz0bKpMLFPM0n6zeE5CBrbPAO
qDkxkXrJovTwKeObZJM6fVyBM7KrMzfJnYn1D,Venmo,144.81,,2021-12-01,"['Transfer', 'Third Party', 'Venmo']",r1m4mgrJXVHxgz0bKpMLFPM0n6zeE5CBrbPAO
ykx6xO4PR9fEj3qb47MyUA8ZMDgPMKcOaVaR3,Venmo,144.81,,2021-12-01,"['Transfer', 'Third Party', 'Venmo']",r1m4mgrJXVHxgz0bKpMLFPM0n6zeE5CBrbPAO
v3rVragLO0T5DZyb0XMqfbg1M6RoM9FmgLgpz,ATM WITHDRAWAL 005047 11/30880 COMMO,40.0,2021-11-30,2021-11-30,"['Transfer', 'Withdrawal', 'ATM']",r1m4mgrJXVHxgz0bKpMLFPM0n6zeE5CBrbPAO
4VMBMbnrNQTN4gw5LPqDuNdgORKEOpIkqjqD6,ONEGOAL DIRECT DEP PPD ID: 9111111102,-1765.02,,2021-11-30,"['Transfer', 'Payroll']",r1m4mgrJXVHxgz0bKpMLFPM0n6zeE5CBrbPAO
r1m4mgrJXVHxgz0bKpMLFPRjMarZM7fBbObr7,Venmo,-507.08,,2021-11-30,"['Transfer', 'Third Party', 'Venmo']",r1m4mgrJXVHxgz0bKpMLFPM0n6zeE5CBrbPAO
0eMDManAQ8sZn7NQYgLDcZj7pDkapzUrJ1J9j,Venmo,30.0,,2021-11-30,"['Transfer', 'Third Party', 'Venmo']",r1m4mgrJXVHxgz0bKpMLFPM0n6zeE5CBrbPAO
j51o1y3bAVUYMK8yg4rJIXdwjqARj7CR3q3vb,Venmo,111.99,,2021-11-30,"['Transfer', 'Third Party', 'Venmo']",r1m4mgrJXVHxgz0bKpMLFPM0n6zeE5CBrbPAO
AVMNMa8yKET0e31K9bxDc0bvEz48EpC6jajwj,Whole Foods,35.6,2021-11-30,2021-11-30,"['Shops', 'Supermarkets and Groceries']",r1m4mgrJXVHxgz0bKpMLFPM0n6zeE5CBrbPAO
BpRVR9xK38i4axj16bJEFa0R3wDz3Lt9NpN7R,ASTORIA LASER SPA C Queens NY 11/27,182.91,2021-11-27,2021-11-29,"['Service', 'Personal Care']",r1m4mgrJXVHxgz0bKpMLFPM0n6zeE5CBrbPAO
wy4d4ARDqOFm87RbA5MBF0dnPkYYpNfLr4g8a,IKEANORTHAM,21.92,2021-11-29,2021-11-29,"['Transfer', 'Third Party', 'PayPal']",4VMBMbnrNQTN4gw5LPqDuNO3vxBP9mtkDqwEV
kXPbPKyZgnS7gOwxoE48UNvAZj3oZqIREmEvN,SPOONBILL & SUGARTOWN B BROOKLYN NY 11/26,315.14,2021-11-26,2021-11-29,"['Shops', 'Bookstores']",r1m4mgrJXVHxgz0bKpMLFPM0n6zeE5CBrbPAO
ykx6xO4PR9fEj3qb47MyUA8ZMDgPMKcOaVag0,TST* ARTICHOKE BASILLE NEW YORK NY 11/27,21.59,2021-11-27,2021-11-29,"['Food and Drink', 'Restaurants']",r1m4mgrJXVHxgz0bKpMLFPM0n6zeE5CBrbPAO
3VeqeQnm08TdBDx13vPwsMeo0jr40ktKL5LAY,TST* ISLA NEW YORK NY 11/28,18.04,2021-11-28,2021-11-29,"['Food and Drink', 'Restaurants']",r1m4mgrJXVHxgz0bKpMLFPM0n6zeE5CBrbPAO
KowmwLPdQacX5oYm4Jp3IxRjJrMwJ5HQNjNma,TST* LOS TACOS NO.1 - T NEW YORK NY 11/27,43.05,2021-11-27,2021-11-29,"['Food and Drink', 'Restaurants']",r1m4mgrJXVHxgz0bKpMLFPM0n6zeE5CBrbPAO
AVMNMa8yKET0e31K9bxDc0bvEz48EpC6jajna,Venmo,-210.0,,2021-11-29,"['Transfer', 'Third Party', 'Venmo']",r1m4mgrJXVHxgz0bKpMLFPM0n6zeE5CBrbPAO
a5ZmZwdJDjU4ewp1Y8BkFKekDA9BD6SZ4q4Ke,Venmo,20.0,,2021-11-29,"['Transfer', 'Third Party', 'Venmo']",r1m4mgrJXVHxgz0bKpMLFPM0n6zeE5CBrbPAO
xKawaOr1mvfNX9wekRM3uwjA8gKq85HMo1omY,Venmo,35.0,,2021-11-29,"['Transfer', 'Third Party', 'Venmo']",r1m4mgrJXVHxgz0bKpMLFPM0n6zeE5CBrbPAO
PoPbPBK139cwBVOLbJAgfYBrdD18dqSmJxJOp,YELPINC*DELIVERY.COM WWW.YELP.COM CA 11/27,39.95,2021-11-27,2021-11-29,"['Service', 'Food and Beverage']",r1m4mgrJXVHxgz0bKpMLFPM0n6zeE5CBrbPAO
qDkxkXrJovTwKeObZJM6fVyBM7KrMzfJnYnEZ,Zelle payment to MADISON JPM864231650,135.0,,2021-11-29,"['Transfer', 'Debit']",r1m4mgrJXVHxgz0bKpMLFPM0n6zeE5CBrbPAO
JXdJd61myxSdwpn15MqJsXwJmvqq09fbkzqr4,AC NORTHERN PHARMACY,11.08,2021-11-26,2021-11-28,"['Shops', 'Pharmacies']",a5ZmZwdJDjU4ewp1Y8BkFKDELpxo18SZK4oaD
6VMyMReabmTNaB9mg73wuNzg4yZZO5UaYJmbP,JONYEADOR12 AIME,-90.0,2021-11-27,2021-11-28,"['Transfer', 'Third Party', 'PayPal']",4VMBMbnrNQTN4gw5LPqDuNO3vxBP9mtkDqwEV
xKawaOr1mvfNX9wekRM3uwjgByzz0vSMo1yNx,SP * TANGERINENYC,10.89,2021-11-26,2021-11-28,"['Shops', 'Clothing and Accessories']",a5ZmZwdJDjU4ewp1Y8BkFKDELpxo18SZK4oaD
a5ZmZwdJDjU4ewp1Y8BkFKeAXdPPxMUZ4qbLB,SP * TANGERINENYC,34.84,2021-11-26,2021-11-28,"['Shops', 'Clothing and Accessories']",a5ZmZwdJDjU4ewp1Y8BkFKDELpxo18SZK4oaD
Lo6J6Dqwbacg7vNyaMpjIZ7M5Qqq1zH08Ma3q,JENNIFERPRA FBPAY,53.3,2021-11-26,2021-11-26,"['Transfer', 'Third Party', 'PayPal']",4VMBMbnrNQTN4gw5LPqDuNO3vxBP9mtkDqwEV
8VMkMaxwJNT6eQgdDaXVF69ePxppmDUyZ7BNq,PURCHASE INTEREST CHARGE,230.12,2021-11-26,2021-11-26,"['Interest', 'Interest Charged']",a5ZmZwdJDjU4ewp1Y8BkFKDELpxo18SZK4oaD
5zM3MRn4J8i91jJNA7BxF9oY3pOOwPiBVE1eo,BLICK ART,424.83,2021-11-23,2021-11-25,"['Shops', 'Arts and Crafts']",a5ZmZwdJDjU4ewp1Y8BkFKDELpxo18SZK4oaD
Z5jRjPX0y7UKOyZA68w1CBZYXrQQMAfRvyjND,LANDMARK CENTER GARAGE,5.0,2021-11-23,2021-11-25,"['Travel', 'Parking']",a5ZmZwdJDjU4ewp1Y8BkFKDELpxo18SZK4oaD
v3rVragLO0T5DZyb0XMqfbg1M6RoM9FmgLg0a,Venmo,1.2,,2021-11-24,"['Transfer', 'Third Party', 'Venmo']",r1m4mgrJXVHxgz0bKpMLFPM0n6zeE5CBrbPAO
a5ZmZwdJDjU4ewp1Y8BkFKekDA9BD6SZ4q41o,345 Harrison WEB PMTS VQDP48 WEB ID: 1540857512,650.0,,2021-11-23,"['Payment', 'Rent']",r1m4mgrJXVHxgz0bKpMLFPM0n6zeE5CBrbPAO
gM686qPJkVH5paMDxOv4fzMAOoZZ7QCqAQadr,THE GENERAL MUIR-EMORY,23.9,2021-11-21,2021-11-23,"['Food and Drink', 'Restaurants']",a5ZmZwdJDjU4ewp1Y8BkFKDELpxo18SZK4oaD
bgm8m6wnoXta79gbApOzUkayR4NNzvHq94oBB,THE GENERAL MUIR-EMORY,54.04,2021-11-21,2021-11-23,"['Food and Drink', 'Restaurants']",a5ZmZwdJDjU4ewp1Y8BkFKDELpxo18SZK4oaD
o6y4yxrJnvcagYo80pEMUxqw1KMMpotBO1yYe,THE GENERAL MUIR-EMORY,151.31,2021-11-21,2021-11-23,"['Food and Drink', 'Restaurants']",a5ZmZwdJDjU4ewp1Y8BkFKDELpxo18SZK4oaD
j51o1y3bAVUYMK8yg4rJIXdwjqARj7CR3q3j4,USPS PO 24009401 59 W BOSTON MA 224145 11/23,0.58,2021-11-23,2021-11-23,"['Service', 'Shipping and Freight']",r1m4mgrJXVHxgz0bKpMLFPM0n6zeE5CBrbPAO
4VMBMbnrNQTN4gw5LPqDuNdgORKEOpIkqjqnX,USPS PO 24009401 59 W BOSTON MA 248020 11/23,8.8,2021-11-23,2021-11-23,"['Service', 'Shipping and Freight']",r1m4mgrJXVHxgz0bKpMLFPM0n6zeE5CBrbPAO
r1m4mgrJXVHxgz0bKpMLFPRjMarZM7fBbObwm,USPS PO 24009401 59 W BOSTON MA 264985 11/23,8.8,2021-11-23,2021-11-23,"['Service', 'Shipping and Freight']",r1m4mgrJXVHxgz0bKpMLFPM0n6zeE5CBrbPAO
0eMDManAQ8sZn7NQYgLDcZj7pDkapzUrJ1Jv7,USPS PO 24009401 59 W BOSTON MA 307001 11/23,11.89,2021-11-23,2021-11-23,"['Service', 'Shipping and Freight']",r1m4mgrJXVHxgz0bKpMLFPM0n6zeE5CBrbPAO
EoMbMEdv0acpBm73ky64UpBLZbKoZMCpEKEnw,AIRBNB HMYA9J9A9N AIRBNB.COM CA 11/20,-434.61,2021-11-20,2021-11-22,"['Travel', 'Lodging', 'Hotels and Motels']",r1m4mgrJXVHxgz0bKpMLFPM0n6zeE5CBrbPAO
MELJL1B6POHqQopd1gyRCnQEjdMBjKIMPAPp7,AIRBNB HMYA9J9A9N AIRBNB.COM CA 11/20,-289.44,2021-11-20,2021-11-22,"['Travel', 'Lodging', 'Hotels and Motels']",r1m4mgrJXVHxgz0bKpMLFPM0n6zeE5CBrbPAO
xKawaOr1mvfNX9wekRM3uwjA8gKq85HMo1oKd,ATL BOAR'S HEAD/CAKE ATLANTA GA 11/21,21.03,2021-11-21,2021-11-22,"['Food and Drink', 'Restaurants']",r1m4mgrJXVHxgz0bKpMLFPM0n6zeE5CBrbPAO
bgm8m6wnoXta79gbApOzUka0Qyg6Q1uq949D5,CAPITAL ONE CRCARDPMT 3H0293R10G98VEG WEB ID: 9541719018,437.0,,2021-11-22,"['Payment', 'Credit Card']",r1m4mgrJXVHxgz0bKpMLFPM0n6zeE5CBrbPAO
9OMAMbx6Jmf8OJLxZwkoC8RQ67LA6NUdyNyx5,GrubHub,30.98,2021-11-20,2021-11-22,['Service'],r1m4mgrJXVHxgz0bKpMLFPM0n6zeE5CBrbPAO
gM686qPJkVH5paMDxOv4fzMXyA3py4fqAQAKR,JEJU SAUNA AND GYM DULUTH GA 11/19,13.72,2021-11-19,2021-11-22,"['Recreation', 'Gyms and Fitness Centers']",r1m4mgrJXVHxgz0bKpMLFPM0n6zeE5CBrbPAO
Oo1O1qyDBmcdm1p6yekDsZKe0nVw0OU8474g0,LE COLONIAL ATLANTA ATLANTA GA 11/19,143.8,2021-11-19,2021-11-22,"['Food and Drink', 'Restaurants']",r1m4mgrJXVHxgz0bKpMLFPM0n6zeE5CBrbPAO
Z5jRjPX0y7UKOyZA68w1CBZqJYVaJgURvyvka,PEACH COFFEE ROASTE Atlanta GA 11/20,4.73,2021-11-20,2021-11-22,"['Food and Drink', 'Restaurants', 'Coffee Shop']",r1m4mgrJXVHxgz0bKpMLFPM0n6zeE5CBrbPAO
7VzKzaxdRbT36NnaBbyXIBJMq4aeqdUQYKY5M,Publix,13.93,2021-11-19,2021-11-22,"['Shops', 'Supermarkets and Groceries']",r1m4mgrJXVHxgz0bKpMLFPM0n6zeE5CBrbPAO
JXdJd61myxSdwpn15MqJsXwjyJ8nypCbkzk7R,SAVANNAH BEE ATLANTA ATLANTA GA 11/20,14.0,2021-11-20,2021-11-22,"['Food and Drink', 'Restaurants']",r1m4mgrJXVHxgz0bKpMLFPM0n6zeE5CBrbPAO
8VMkMaxwJNT6eQgdDaXVF69LzeOVzaIyZ7Zvg,SP * EAST FORK NC 11/20,20.69,2021-11-20,2021-11-22,"['Shops', 'Clothing and Accessories']",r1m4mgrJXVHxgz0bKpMLFPM0n6zeE5CBrbPAO
V5kQk6XKM9Uq80Z3gzawCAae1KXb1Mcrk0kjP,SPILLER PARK COFFEE Atlanta GA 11/19,4.54,2021-11-19,2021-11-22,"['Food and Drink', 'Restaurants', 'Coffee Shop']",r1m4mgrJXVHxgz0bKpMLFPM0n6zeE5CBrbPAO
9OMAMbx6Jmf8OJLxZwkoC8R73ZDDjJHdyN45L,THE ALDEN,248.98,2021-11-20,2021-11-22,"['Food and Drink', 'Restaurants']",a5ZmZwdJDjU4ewp1Y8BkFKDELpxo18SZK4oaD
7VzKzaxdRbT36NnaBbyXIBJ4kxjjZNfQYKE7o,TINY LOU`S,155.6,2021-11-20,2021-11-22,"['Food and Drink', 'Restaurants']",a5ZmZwdJDjU4ewp1Y8BkFKDELpxo18SZK4oaD
5zM3MRn4J8i91jJNA7BxF9ojvY7LvatBVEV4n,TST* ALON'S BAKERY AND ATLANTA GA 11/21,36.09,2021-11-21,2021-11-22,"['Shops', 'Food and Beverage Store']",r1m4mgrJXVHxgz0bKpMLFPM0n6zeE5CBrbPAO
o6y4yxrJnvcagYo80pEMUxqRNwaQNgHBO1ObV,Verizon Wireless,162.13,,2021-11-22,"['Service', 'Telecommunication Services']",r1m4mgrJXVHxgz0bKpMLFPM0n6zeE5CBrbPAO
DoMYMrxAONc0D6p5nVwXc0DMeAQQvqfZga0Er,JOEYHIGGINS FBPAY,13.32,2021-11-21,2021-11-21,"['Transfer', 'Third Party', 'PayPal']",4VMBMbnrNQTN4gw5LPqDuNO3vxBP9mtkDqwEV
1EM1MQnv7eHz13A9j7DRczPVem556nCmAvEJN,PROMOTION INTEREST CHARGE,0.34,2021-11-19,2021-11-19,"['Interest', 'Interest Charged']",4VMBMbnrNQTN4gw5LPqDuNO3vxBP9mtkDqwEV
PoPbPBK139cwBVOLbJAgfYBDLQyyzXUmJxD8N,PURCHASE INTEREST CHARGE,127.07,2021-11-19,2021-11-19,"['Interest', 'Interest Charged']",4VMBMbnrNQTN4gw5LPqDuNO3vxBP9mtkDqwEV
RoBJByAqb9cLAkX1ngpoUEAvbR4rbZfy161qV,Venmo,-396.0,,2021-11-19,"['Transfer', 'Third Party', 'Venmo']",r1m4mgrJXVHxgz0bKpMLFPM0n6zeE5CBrbPAO
nw343vAbXViO5817RpMEfVZze50ge8fA7m7pB,ATM WITHDRAWAL 004834 11/18345 Harri,200.0,2021-11-18,2021-11-18,"['Transfer', 'Withdrawal', 'ATM']",r1m4mgrJXVHxgz0bKpMLFPM0n6zeE5CBrbPAO
pLK4KAxJmjiPVKYbmpMwi7o9MpKRMAuJa0a4A,BAGEL MANIA- LAS VEGAS LAS VEGAS NV 11/18,23.26,2021-11-18,2021-11-18,"['Food and Drink', 'Restaurants']",r1m4mgrJXVHxgz0bKpMLFPM0n6zeE5CBrbPAO
X5v8vmXAr9U3ABzK5pJLI1z39O0R9NT46B6aa,ONEGOAL Payroll PPD ID: 9200502232,-38.2,,2021-11-18,"['Transfer', 'Payroll']",r1m4mgrJXVHxgz0bKpMLFPM0n6zeE5CBrbPAO
QoqJq3kPBmc65N8n0gvpFB5jDezNDPUEJQJ4E,STAPLES 0063 BOSTON MA 795021 11/18,1.63,2021-11-18,2021-11-18,"['Shops', 'Office Supplies']",r1m4mgrJXVHxgz0bKpMLFPM0n6zeE5CBrbPAO
qDkxkXrJovTwKeObZJM6fVy79m00RPUJnYPL6,AUTOMATIC PAYMENT - THANK,-202.0,2021-11-17,2021-11-17,"['Payment', 'Credit Card']",4VMBMbnrNQTN4gw5LPqDuNO3vxBP9mtkDqwEV
NoDJDP3L79cYXapwvmK8IOXAqwLMq6iR3B3Lx,CHASE CREDIT CRD AUTOPAY PPD ID: 4760039224,202.0,,2021-11-17,"['Payment', 'Credit Card']",r1m4mgrJXVHxgz0bKpMLFPM0n6zeE5CBrbPAO
YQ0p01XvMRtyg6QkL8ODf8ak1KwE1MUQ969qp,ATM WITHDRAWAL 004787 11/16345 Harri,10.0,2021-11-16,2021-11-16,"['Transfer', 'Withdrawal', 'ATM']",r1m4mgrJXVHxgz0bKpMLFPM0n6zeE5CBrbPAO
ezdMd1DJymi8j7Nv5YkRCANVDokwDMcdavabL,ATM WITHDRAWAL 004789 11/16345 Harri,200.0,2021-11-16,2021-11-16,"['Transfer', 'Withdrawal', 'ATM']",r1m4mgrJXVHxgz0bKpMLFPM0n6zeE5CBrbPAO
mdB4BAkojncVrZ94gpO5FqjRp93DpVfMN5NvQ,PARCEL PENDING CA 11/15,5.0,2021-11-15,2021-11-16,"['Service', 'Shipping and Freight']",r1m4mgrJXVHxgz0bKpMLFPM0n6zeE5CBrbPAO
zAJLJOaqRpCpqmVQLvMKUZJ38rn081UOKwKnK,Whole Foods,108.93,2021-11-16,2021-11-16,"['Shops', 'Supermarkets and Groceries']",r1m4mgrJXVHxgz0bKpMLFPM0n6zeE5CBrbPAO
qDkxkXrJovTwKeObZJM6fVyBM7KrMzfJnYnBZ,BELLAGIO - NOODLES LAS VEGAS NV 11/12,67.89,2021-11-12,2021-11-15,"['Food and Drink', 'Restaurants']",r1m4mgrJXVHxgz0bKpMLFPM0n6zeE5CBrbPAO
BpRVR9xK38i4axj16bJEFa0R3wDz3Lt9NpNdR,CVS,19.5,2021-11-11,2021-11-15,"['Shops', 'Pharmacies']",r1m4mgrJXVHxgz0bKpMLFPM0n6zeE5CBrbPAO
d5b9bDLRyVUJY9ZqdNKEtEZp4Ry64vfbDnDQN,HUDSON ST2045 LAS VEGAS NV 181329 11/15,12.46,2021-11-15,2021-11-15,"['Shops', 'Newsstands']",r1m4mgrJXVHxgz0bKpMLFPM0n6zeE5CBrbPAO
3VeqeQnm08TdBDx13vPwsMeo0jr40ktKL5L7Y,LAS VEGAS CONVENTION CT LAS VEGAS NV 11/11,16.53,2021-11-11,2021-11-15,"['Food and Drink', 'Restaurants']",r1m4mgrJXVHxgz0bKpMLFPM0n6zeE5CBrbPAO
1EM1MQnv7eHz13A9j7DRczPjdVOpdZfmAvAg0,LAS VEGAS CONVENTION CT LAS VEGAS NV 11/12,2.98,2021-11-12,2021-11-15,"['Food and Drink', 'Restaurants']",r1m4mgrJXVHxgz0bKpMLFPM0n6zeE5CBrbPAO
PoPbPBK139cwBVOLbJAgfYBrdD18dqSmJxJAp,LAS VEGAS CONVENTION CT LAS VEGAS NV 11/12,3.52,2021-11-12,2021-11-15,"['Food and Drink', 'Restaurants']",r1m4mgrJXVHxgz0bKpMLFPM0n6zeE5CBrbPAO
wy4d4ARDqOFm87RbA5MBF0dqMnLEMDCLr4rvD,LOTUS OF SIAM LAS VEGAS NV 11/15,125.72,2021-11-15,2021-11-15,"['Food and Drink', 'Restaurants']",r1m4mgrJXVHxgz0bKpMLFPM0n6zeE5CBrbPAO
DoMYMrxAONc0D6p5nVwXc0DLPMbxPJCZgagR3,MC-PARK MGM LOBBY STORE LAS VEGAS NV 11/12,32.94,2021-11-12,2021-11-15,"['Shops', 'Department Stores']",r1m4mgrJXVHxgz0bKpMLFPM0n6zeE5CBrbPAO
KowmwLPdQacX5oYm4Jp3IxRjJrMwJ5HQNjN1a,ONEGOAL DIRECT DEP PPD ID: 9111111102,-1765.03,,2021-11-15,"['Transfer', 'Payroll']",r1m4mgrJXVHxgz0bKpMLFPM0n6zeE5CBrbPAO
ykx6xO4PR9fEj3qb47MyUA8ZMDgPMKcOaVa30,PAYPAL TRANSFER PPD ID: PAYPALSD11,-18.47,,2021-11-15,"['Transfer', 'Third Party', 'PayPal']",r1m4mgrJXVHxgz0bKpMLFPM0n6zeE5CBrbPAO
6VMyMReabmTNaB9mg73wuNzV8gD38KIaYJYNk,RIVER ROCK ROASTING CO UT 11/14,46.13,2021-11-14,2021-11-15,"['Shops', 'Food and Beverage Store']",r1m4mgrJXVHxgz0bKpMLFPM0n6zeE5CBrbPAO
Lo6J6Dqwbacg7vNyaMpjIZ7oYMeAYKU08M8B7,Venmo,60.0,,2021-11-15,"['Transfer', 'Third Party', 'Venmo']",r1m4mgrJXVHxgz0bKpMLFPM0n6zeE5CBrbPAO
BpRVR9xK38i4axj16bJEFa0wQxKKrbH9NpQ0V,JONYEADOR12 AIME,90.0,2021-11-12,2021-11-14,"['Transfer', 'Third Party', 'PayPal']",4VMBMbnrNQTN4gw5LPqDuNO3vxBP9mtkDqwEV
3VeqeQnm08TdBDx13vPwsMejRydd73sKL5Qjj,PayPal Credit,-10.0,2021-11-12,2021-11-14,"['Transfer', 'Third Party', 'PayPal']",4VMBMbnrNQTN4gw5LPqDuNO3vxBP9mtkDqwEV
kXPbPKyZgnS7gOwxoE48UNvAZj3oZqIREmE3N,345 Harrison WEB PMTS QLM748 WEB ID: 1540857512,650.0,,2021-11-12,"['Payment', 'Rent']",r1m4mgrJXVHxgz0bKpMLFPM0n6zeE5CBrbPAO
AVMNMa8yKET0e31K9bxDc0bvEz48EpC6jajba,COSMOPOL-NEWSSTAND LAS VEGAS NV 11/11,7.59,2021-11-11,2021-11-12,"['Shops', 'Newsstands']",r1m4mgrJXVHxgz0bKpMLFPM0n6zeE5CBrbPAO
0eMDManAQ8sZn7NQYgLDcZj7pDkapzUrJ1JV7,CVS,37.21,2021-11-11,2021-11-12,"['Shops', 'Pharmacies']",r1m4mgrJXVHxgz0bKpMLFPM0n6zeE5CBrbPAO
V5kQk6XKM9Uq80Z3gzawCAaKmLQQ3EIrk0YZQ,MYEYEDR 260593 MA-STATE S,-98.0,2021-11-09,2021-11-12,"['Shops', 'Glasses and Optometrist']",a5ZmZwdJDjU4ewp1Y8BkFKDELpxo18SZK4oaD
j51o1y3bAVUYMK8yg4rJIXdwjqARj7CR3q314,SWEETGREEN6699 MA 11/10,24.5,2021-11-10,2021-11-12,"['Food and Drink', 'Restaurants']",r1m4mgrJXVHxgz0bKpMLFPM0n6zeE5CBrbPAO
v3rVragLO0T5DZyb0XMqfbg1M6RoM9FmgLgka,ZTL*INTERNATIONAL BRAZI IRVINE CA 11/11,20.0,2021-11-11,2021-11-12,"['Food and Drink', 'Restaurants']",r1m4mgrJXVHxgz0bKpMLFPM0n6zeE5CBrbPAO
MELJL1B6POHqQopd1gyRCnQd90vvAOUMPAO4M,MYEYEDR 260593 MA-STATE S,815.5,2021-11-09,2021-11-11,"['Shops', 'Glasses and Optometrist']",a5ZmZwdJDjU4ewp1Y8BkFKDELpxo18SZK4oaD
r1m4mgrJXVHxgz0bKpMLFPRjMarZM7fBbObam,HUDSON ST1889 BOSTON MA 908884 11/10,16.19,2021-11-10,2021-11-10,"['Shops', 'Newsstands']",r1m4mgrJXVHxgz0bKpMLFPM0n6zeE5CBrbPAO
a5ZmZwdJDjU4ewp1Y8BkFKekDA9BD6SZ4q49o,PAYPAL TRANSFER PPD ID: PAYPALSD11,-310.26,,2021-11-10,"['Transfer', 'Third Party', 'PayPal']",r1m4mgrJXVHxgz0bKpMLFPM0n6zeE5CBrbPAO
4VMBMbnrNQTN4gw5LPqDuNdgORKEOpIkqjqJX,USPS PO 24007401 133 C BOSTON MA 622047 11/10,6.7,2021-11-10,2021-11-10,"['Service', 'Shipping and Freight']",r1m4mgrJXVHxgz0bKpMLFPM0n6zeE5CBrbPAO
Oo1O1qyDBmcdm1p6yekDsZKnQrBBY3H847eLo,USPS PO 2400740115,9.3,2021-11-09,2021-11-10,"['Service', 'Shipping and Freight']",a5ZmZwdJDjU4ewp1Y8BkFKDELpxo18SZK4oaD
8VMkMaxwJNT6eQgdDaXVF69LzeOVzaIyZ7ZJg,GrubHub,34.45,2021-11-05,2021-11-08,['Service'],r1m4mgrJXVHxgz0bKpMLFPM0n6zeE5CBrbPAO
JXdJd61myxSdwpn15MqJsXwjyJ8nypCbkzkXR,SLICE*OTTO SLICELIFE.COM NY 11/06,33.92,2021-11-06,2021-11-08,"['Food and Drink', 'Restaurants']",r1m4mgrJXVHxgz0bKpMLFPM0n6zeE5CBrbPAO
xKawaOr1mvfNX9wekRM3uwjA8gKq85HMo1oJd,TST* NATHALIE BOSTON MA 11/06,97.18,2021-11-06,2021-11-08,"['Food and Drink', 'Restaurants']",r1m4mgrJXVHxgz0bKpMLFPM0n6zeE5CBrbPAO
o6y4yxrJnvcagYo80pEMUxqRNwaQNgHBO1OoV,AIRBNB HMYA9J9A9N AIRBNB.COM CA 11/04,434.61,2021-11-04,2021-11-05,"['Travel', 'Lodging', 'Hotels and Motels']",r1m4mgrJXVHxgz0bKpMLFPM0n6zeE5CBrbPAO
7VzKzaxdRbT36NnaBbyXIBJMq4aeqdUQYKYDM,APPLE.COM/BILL CA 11/04,0.99,2021-11-04,2021-11-05,"['Shops', 'Digital Purchase']",r1m4mgrJXVHxgz0bKpMLFPM0n6zeE5CBrbPAO
Z5jRjPX0y7UKOyZA68w1CBZqJYVaJgURvyvVa,ATM WITHDRAWAL 004295 11/05345 Harri,200.0,2021-11-05,2021-11-05,"['Transfer', 'Withdrawal', 'ATM']",r1m4mgrJXVHxgz0bKpMLFPM0n6zeE5CBrbPAO
gM686qPJkVH5paMDxOv4fzMXyA3py4fqAQA3R,BLVD *SPOKE&WEAL SALO OAKLAND CA 11/04,222.75,2021-11-04,2021-11-05,"['Service', 'Personal Care']",r1m4mgrJXVHxgz0bKpMLFPM0n6zeE5CBrbPAO
5zM3MRn4J8i91jJNA7BxF9ojvY7LvatBVEV6n,CAPITAL ONE MOBILE PMT 3GWWTHT0UR900ZC WEB ID: 9279744980,550.0,,2021-11-05,"['Payment', 'Credit Card']",r1m4mgrJXVHxgz0bKpMLFPM0n6zeE5CBrbPAO
bgm8m6wnoXta79gbApOzUka0Qyg6Q1uq949g5,PARKING METERS PILOT PR BOSTON MA 11/04,2.25,2021-11-04,2021-11-05,"['Travel', 'Parking']",r1m4mgrJXVHxgz0bKpMLFPM0n6zeE5CBrbPAO
9OMAMbx6Jmf8OJLxZwkoC8RQ67LA6NUdyNyk5,Venmo,-300.0,,2021-11-05,"['Transfer', 'Third Party', 'Venmo']",r1m4mgrJXVHxgz0bKpMLFPM0n6zeE5CBrbPAO
MELJL1B6POHqQopd1gyRCnQEjdMBjKIMPAP57,PAYPAL TRANSFER PPD ID: PAYPALSD11,-777.0,,2021-11-04,"['Transfer', 'Third Party', 'PayPal']",r1m4mgrJXVHxgz0bKpMLFPM0n6zeE5CBrbPAO
Oo1O1qyDBmcdm1p6yekDsZKe0nVw0OU8474V0,PAYPAL TRANSFER PPD ID: PAYPALSD11,-11.34,,2021-11-04,"['Transfer', 'Third Party', 'PayPal']",r1m4mgrJXVHxgz0bKpMLFPM0n6zeE5CBrbPAO
EoMbMEdv0acpBm73ky64UpBbOV33rDfpEK8jQ,Payment Thank You-Mobile,-500.0,2021-11-04,2021-11-04,"['Payment', 'Credit Card']",a5ZmZwdJDjU4ewp1Y8BkFKDELpxo18SZK4oaD
V5kQk6XKM9Uq80Z3gzawCAae1KXb1Mcrk0kXP,Payment to Chase card ending in 5517 11/04,500.0,2021-11-04,2021-11-04,"['Payment', 'Credit Card']",r1m4mgrJXVHxgz0bKpMLFPM0n6zeE5CBrbPAO
EoMbMEdv0acpBm73ky64UpBLZbKoZMCpEKEJw,Spotify,9.99,2021-11-03,2021-11-03,"['Service', 'Subscription']",r1m4mgrJXVHxgz0bKpMLFPM0n6zeE5CBrbPAO
RoBJByAqb9cLAkX1ngpoUEAvbR4rbZfy1614V,Venmo,300.0,,2021-11-03,"['Transfer', 'Third Party', 'Venmo']",r1m4mgrJXVHxgz0bKpMLFPM0n6zeE5CBrbPAO
QoqJq3kPBmc65N8n0gvpFB5jDezNDPUEJQJzE,SP+AFF* BIEN MAL AFFIRM.COM CA 11/01,43.33,2021-11-01,2021-11-02,"['Service', 'Financial', 'Loans and Mortgages']",r1m4mgrJXVHxgz0bKpMLFPM0n6zeE5CBrbPAO
pLK4KAxJmjiPVKYbmpMwi7o9MpKRMAuJa0aZA,AIRBNB HM9S9PQYMW AIRBNB.COM CA 11/01,70.5,2021-11-01,2021-11-01,"['Travel', 'Lodging', 'Hotels and Motels']",r1m4mgrJXVHxgz0bKpMLFPM0n6zeE5CBrbPAO
X5v8vmXAr9U3ABzK5pJLI1z39O0R9NT46B60a,GULF MART 856 FRAMINGHAM MA 10/30,31.15,2021-10-30,2021-11-01,"['Travel', 'Gas Stations']",r1m4mgrJXVHxgz0bKpMLFPM0n6zeE5CBrbPAO
NoDJDP3L79cYXapwvmK8IOXAqwLMq6iR3B3xx,PAYPAL TRANSFER PPD ID: PAYPALSD11,-42.14,,2021-11-01,"['Transfer', 'Third Party', 'PayPal']",r1m4mgrJXVHxgz0bKpMLFPM0n6zeE5CBrbPAO
RoBJByAqb9cLAkX1ngpoUEARXYyy5mUy16oJ9,SAM WON GARDEN,343.66,2021-10-30,2021-11-01,"['Food and Drink', 'Restaurants']",a5ZmZwdJDjU4ewp1Y8BkFKDELpxo18SZK4oaD
nw343vAbXViO5817RpMEfVZze50ge8fA7m70B,TREMONT STREET LIQUOR BOSTON MA 11/01,68.22,2021-11-01,2021-11-01,"['Shops', 'Food and Beverage Store']",r1m4mgrJXVHxgz0bKpMLFPM0n6zeE5CBrbPAO
ezdMd1DJymi8j7Nv5YkRCANVDokwDMcdavakL,Venmo,-752.24,,2021-11-01,"['Transfer', 'Third Party', 'Venmo']",r1m4mgrJXVHxgz0bKpMLFPM0n6zeE5CBrbPAO
mdB4BAkojncVrZ94gpO5FqjRp93DpVfMN5N3Q,ONEGOAL DIRECT DEP PPD ID: 9111111102,-1765.02,,2021-10-29,"['Transfer', 'Payroll']",r1m4mgrJXVHxgz0bKpMLFPM0n6zeE5CBrbPAO
YQ0p01XvMRtyg6QkL8ODf8ak1KwE1MUQ969wp,THE UPS STORE 1321 MA 10/28,7.0,2021-10-28,2021-10-29,"['Service', 'Shipping and Freight']",r1m4mgrJXVHxgz0bKpMLFPM0n6zeE5CBrbPAO
zAJLJOaqRpCpqmVQLvMKUZJ38rn081UOKwKdK,Venmo,-37.0,,2021-10-29,"['Transfer', 'Third Party', 'Venmo']",r1m4mgrJXVHxgz0bKpMLFPM0n6zeE5CBrbPAO
6VMyMReabmTNaB9mg73wuNzV8gD38KIaYJYyk,PARKMOBILE MA 10/28,2.75,2021-10-28,2021-10-28,"['Travel', 'Parking']",r1m4mgrJXVHxgz0bKpMLFPM0n6zeE5CBrbPAO
wy4d4ARDqOFm87RbA5MBF0dqMnLEMDCLr4ryD,USPS PO 24009401 59 W BOSTON MA 217388 10/28,49.14,2021-10-28,2021-10-28,"['Service', 'Shipping and Freight']",r1m4mgrJXVHxgz0bKpMLFPM0n6zeE5CBrbPAO
d5b9bDLRyVUJY9ZqdNKEtEZp4Ry64vfbDnDyN,USPS PO 24009401 59 W BOSTON MA 333503 10/28,38.2,2021-10-28,2021-10-28,"['Service', 'Shipping and Freight']",r1m4mgrJXVHxgz0bKpMLFPM0n6zeE5CBrbPAO
DoMYMrxAONc0D6p5nVwXc0DLPMbxPJCZgagV3,Venmo,-240.9,,2021-10-28,"['Transfer', 'Third Party', 'Venmo']",r1m4mgrJXVHxgz0bKpMLFPM0n6zeE5CBrbPAO
Lo6J6Dqwbacg7vNyaMpjIZ7oYMeAYKU08M8m7,Venmo,-35.0,,2021-10-28,"['Transfer', 'Third Party', 'Venmo']",r1m4mgrJXVHxgz0bKpMLFPM0n6zeE5CBrbPAO
nw343vAbXViO5817RpMEfVZ5MnNNLbUA7mNO0,BROADWAY SOCIAL WINES IN,58.0,2021-10-26,2021-10-27,"['Shops', 'Food and Beverage Store']",a5ZmZwdJDjU4ewp1Y8BkFKDELpxo18SZK4oaD
ykx6xO4PR9fEj3qb47MyUA8D5BNN7JIOaV9nd,MCKINLEYMEA FBPAY,8.5,2021-10-26,2021-10-27,"['Transfer', 'Third Party', 'PayPal']",4VMBMbnrNQTN4gw5LPqDuNO3vxBP9mtkDqwEV
1EM1MQnv7eHz13A9j7DRczPjdVOpdZfmAvAj0,PAYPAL TRANSFER PPD ID: PAYPALSD11,-34.0,,2021-10-27,"['Transfer', 'Third Party', 'PayPal']",r1m4mgrJXVHxgz0bKpMLFPM0n6zeE5CBrbPAO
QoqJq3kPBmc65N8n0gvpFB5eAyLLMnfEJQM34,PURCHASE INTEREST CHARGE,204.53,2021-10-27,2021-10-27,"['Interest', 'Interest Charged']",a5ZmZwdJDjU4ewp1Y8BkFKDELpxo18SZK4oaD
qDkxkXrJovTwKeObZJM6fVyBM7KrMzfJnYnxZ,AFTERPAY CA 10/25,15.23,2021-10-25,2021-10-26,"['Shops', 'Digital Purchase']",r1m4mgrJXVHxgz0bKpMLFPM0n6zeE5CBrbPAO
PoPbPBK139cwBVOLbJAgfYBrdD18dqSmJxJ1p,Whole Foods,16.34,2021-10-26,2021-10-26,"['Shops', 'Supermarkets and Groceries']",r1m4mgrJXVHxgz0bKpMLFPM0n6zeE5CBrbPAO
ykx6xO4PR9fEj3qb47MyUA8ZMDgPMKcOaVaD0,CHASE CREDIT CRD AUTOPAY PPD ID: 4760039224,307.0,,2021-10-25,"['Payment', 'Credit Card']",r1m4mgrJXVHxgz0bKpMLFPM0n6zeE5CBrbPAO
v3rVragLO0T5DZyb0XMqfbg1M6RoM9FmgLgYa,CVS,21.0,2021-10-24,2021-10-25,"['Shops', 'Pharmacies']",r1m4mgrJXVHxgz0bKpMLFPM0n6zeE5CBrbPAO
j51o1y3bAVUYMK8yg4rJIXdwjqARj7CR3q3Q4,RI ANTIQUES MALL PAWTUCKET RI 10/23,84.0,2021-10-23,2021-10-25,['Shops'],r1m4mgrJXVHxgz0bKpMLFPM0n6zeE5CBrbPAO
AVMNMa8yKET0e31K9bxDc0bvEz48EpC6jajZa,SP * HEDGEHOG BELLY D 191-78287858 MA 10/24,16.5,2021-10-24,2021-10-25,"['Food and Drink', 'Restaurants']",r1m4mgrJXVHxgz0bKpMLFPM0n6zeE5CBrbPAO
0eMDManAQ8sZn7NQYgLDcZj7pDkapzUrJ1Jx7,TST* MIKE & PATTY'S B MA 10/24,28.29,2021-10-24,2021-10-25,"['Food and Drink', 'Restaurants']",r1m4mgrJXVHxgz0bKpMLFPM0n6zeE5CBrbPAO
4VMBMbnrNQTN4gw5LPqDuNdgORKEOpIkqjq1X,Venmo,-180.0,,2021-10-25,"['Transfer', 'Third Party', 'Venmo']",r1m4mgrJXVHxgz0bKpMLFPM0n6zeE5CBrbPAO
r1m4mgrJXVHxgz0bKpMLFPRjMarZM7fBbObKm,Venmo,-80.0,,2021-10-25,"['Transfer', 'Third Party', 'Venmo']",r1m4mgrJXVHxgz0bKpMLFPM0n6zeE5CBrbPAO
BpRVR9xK38i4axj16bJEFa0R3wDz3Lt9NpN8R,Venmo,25.0,,2021-10-25,"['Transfer', 'Third Party', 'Venmo']",r1m4mgrJXVHxgz0bKpMLFPM0n6zeE5CBrbPAO
3VeqeQnm08TdBDx13vPwsMeo0jr40ktKL5LzY,Venmo,35.0,,2021-10-25,"['Transfer', 'Third Party', 'Venmo']",r1m4mgrJXVHxgz0bKpMLFPM0n6zeE5CBrbPAO
KowmwLPdQacX5oYm4Jp3IxRjJrMwJ5HQNjNLa,Venmo,300.0,,2021-10-25,"['Transfer', 'Third Party', 'Venmo']",r1m4mgrJXVHxgz0bKpMLFPM0n6zeE5CBrbPAO
kXPbPKyZgnS7gOwxoE48UNvAZj3oZqIREmEpN,Venmo,500.0,,2021-10-25,"['Transfer', 'Third Party', 'Venmo']",r1m4mgrJXVHxgz0bKpMLFPM0n6zeE5CBrbPAO
pLK4KAxJmjiPVKYbmpMwi7opdgjjYzfJa0DP7,AUTOMATIC PAYMENT - THANK,-307.0,2021-10-24,2021-10-24,"['Payment', 'Credit Card']",a5ZmZwdJDjU4ewp1Y8BkFKDELpxo18SZK4oaD
xKawaOr1mvfNX9wekRM3uwjA8gKq85HMo1oAd,ATM WITHDRAWAL 005742 10/22345 Harri,200.0,2021-10-22,2021-10-22,"['Transfer', 'Withdrawal', 'ATM']",r1m4mgrJXVHxgz0bKpMLFPM0n6zeE5CBrbPAO
a5ZmZwdJDjU4ewp1Y8BkFKekDA9BD6SZ4q4yo,"BERLIN, ENERGY BERLIN MA 10/22",52.59,2021-10-22,2021-10-22,"['Service', 'Utilities']",r1m4mgrJXVHxgz0bKpMLFPM0n6zeE5CBrbPAO
X5v8vmXAr9U3ABzK5pJLI1zOmp77xDS46ByvP,KLARNA INC,99.0,2021-10-22,2021-10-22,"['Service', 'Financial']",a5ZmZwdJDjU4ewp1Y8BkFKDELpxo18SZK4oaD
qDkxkXrJovTwKeObZJM6fVyBM7KrMzfJnYnxp,RI ANTIQUES MALL PAWTUCKET RI 10/21,26.64,2021-10-21,2021-10-22,['Shops'],r1m4mgrJXVHxgz0bKpMLFPM0n6zeE5CBrbPAO
PoPbPBK139cwBVOLbJAgfYBrdD18dqSmJxJa6,Venmo,15.0,,2021-10-22,"['Transfer', 'Third Party', 'Venmo']",r1m4mgrJXVHxgz0bKpMLFPM0n6zeE5CBrbPAO
BpRVR9xK38i4axj16bJEFa0R3wDz3Lt9NpN8b,PAYPAL TRANSFER PPD ID: PAYPALSD11,-500.0,,2021-10-21,"['Transfer', 'Third Party', 'PayPal']",r1m4mgrJXVHxgz0bKpMLFPM0n6zeE5CBrbPAO
KowmwLPdQacX5oYm4Jp3IxRjJrMwJ5HQNjNLB,345 Harrison WEB PMTS X73918 WEB ID: 1540857512,650.0,,2021-10-20,"['Payment', 'Rent']",r1m4mgrJXVHxgz0bKpMLFPM0n6zeE5CBrbPAO
ykx6xO4PR9fEj3qb47MyUA8ZMDgPMKcOaVaDb,CAPITAL ONE CRCARDPMT 3GTIOD4PGPMQ12W WEB ID: 9541719018,393.0,,2021-10-20,"['Payment', 'Credit Card']",r1m4mgrJXVHxgz0bKpMLFPM0n6zeE5CBrbPAO
KowmwLPdQacX5oYm4Jp3IxRrOvkkK8tQNjABx,PURCHASE INTEREST CHARGE,124.27,2021-10-20,2021-10-20,"['Interest', 'Interest Charged']",4VMBMbnrNQTN4gw5LPqDuNO3vxBP9mtkDqwEV
AVMNMa8yKET0e31K9bxDc0bvEz48EpC6jajZ1,Venmo,-185.0,,2021-10-20,"['Transfer', 'Third Party', 'Venmo']",r1m4mgrJXVHxgz0bKpMLFPM0n6zeE5CBrbPAO
kXPbPKyZgnS7gOwxoE48UNvAZj3oZqIREmEpJ,Venmo,-125.0,,2021-10-20,"['Transfer', 'Third Party', 'Venmo']",r1m4mgrJXVHxgz0bKpMLFPM0n6zeE5CBrbPAO
3VeqeQnm08TdBDx13vPwsMeo0jr40ktKL5Lzq,Verizon Wireless,162.4,,2021-10-20,"['Service', 'Telecommunication Services']",r1m4mgrJXVHxgz0bKpMLFPM0n6zeE5CBrbPAO
4VMBMbnrNQTN4gw5LPqDuNdgORKEOpIkqjq10,BOSTON PARKING TICKET MA 10/19,40.0,2021-10-19,2021-10-19,"['Travel', 'Parking']",r1m4mgrJXVHxgz0bKpMLFPM0n6zeE5CBrbPAO
0eMDManAQ8sZn7NQYgLDcZj7pDkapzUrJ1Jx6,CVS,5.0,2021-10-18,2021-10-19,"['Shops', 'Pharmacies']",r1m4mgrJXVHxgz0bKpMLFPM0n6zeE5CBrbPAO
v3rVragLO0T5DZyb0XMqfbg1M6RoM9FmgLgY5,EVERSOURCE WEB_PAY 16416121101821 WEB ID: 1202042013,99.12,,2021-10-19,"['Service', 'Utilities', 'Electric']",r1m4mgrJXVHxgz0bKpMLFPM0n6zeE5CBrbPAO
r1m4mgrJXVHxgz0bKpMLFPRjMarZM7fBbObK6,Etsy.com - GoddessGrou NY 10/18,12.7,2021-10-18,2021-10-19,"['Shops', 'Digital Purchase']",r1m4mgrJXVHxgz0bKpMLFPM0n6zeE5CBrbPAO
a5ZmZwdJDjU4ewp1Y8BkFKekDA9BD6SZ4q4yj,ICI*FEE BOSTON WEB PM MA 10/19,1.1,2021-10-19,2021-10-19,['Bank Fees'],r1m4mgrJXVHxgz0bKpMLFPM0n6zeE5CBrbPAO
j51o1y3bAVUYMK8yg4rJIXdwjqARj7CR3q3QJ,SP+AFF* BIEN MAL AFFIRM.COM CA 10/18,43.32,2021-10-18,2021-10-19,"['Service', 'Financial', 'Loans and Mortgages']",r1m4mgrJXVHxgz0bKpMLFPM0n6zeE5CBrbPAO
o6y4yxrJnvcagYo80pEMUxqRNwaQNgHBO1Odd,APPLE.COM/BILL CA 10/15,42.49,2021-10-15,2021-10-18,"['Shops', 'Digital Purchase']",r1m4mgrJXVHxgz0bKpMLFPM0n6zeE5CBrbPAO
Z5jRjPX0y7UKOyZA68w1CBZqJYVaJgURvyvzk,ATM WITHDRAWAL 003599 10/16345 Harri,30.0,2021-10-16,2021-10-18,"['Transfer', 'Withdrawal', 'ATM']",r1m4mgrJXVHxgz0bKpMLFPM0n6zeE5CBrbPAO
8VMkMaxwJNT6eQgdDaXVF69LzeOVzaIyZ7ZmY,ATM WITHDRAWAL 003601 10/16345 Harri,10.0,2021-10-16,2021-10-18,"['Transfer', 'Withdrawal', 'ATM']",r1m4mgrJXVHxgz0bKpMLFPM0n6zeE5CBrbPAO
5zM3MRn4J8i91jJNA7BxF9ojvY7LvatBVEVb6,ATM WITHDRAWAL 003826 10/16219 N MAI,200.0,2021-10-16,2021-10-18,"['Transfer', 'Withdrawal', 'ATM']",r1m4mgrJXVHxgz0bKpMLFPM0n6zeE5CBrbPAO
ezdMd1DJymi8j7Nv5YkRCANoJ3eeKxIdavYyY,BUY & CONSIGN,215.39,2021-10-16,2021-10-18,"['Shops', 'Computers and Electronics']",a5ZmZwdJDjU4ewp1Y8BkFKDELpxo18SZK4oaD
JXdJd61myxSdwpn15MqJsXwjyJ8nypCbkzkAm,CHASE CREDIT CRD AUTOPAY PPD ID: 4760039224,208.0,,2021-10-18,"['Payment', 'Credit Card']",r1m4mgrJXVHxgz0bKpMLFPM0n6zeE5CBrbPAO
bgm8m6wnoXta79gbApOzUka0Qyg6Q1uq949xd,PARCEL PENDING CA 10/15,5.0,2021-10-15,2021-10-18,"['Service', 'Shipping and Freight']",r1m4mgrJXVHxgz0bKpMLFPM0n6zeE5CBrbPAO
gM686qPJkVH5paMDxOv4fzMXyA3py4fqAQAMA,REMOTE ONLINE DEPOSIT # 1,-100.0,,2021-10-18,"['Transfer', 'Deposit']",r1m4mgrJXVHxgz0bKpMLFPM0n6zeE5CBrbPAO
xKawaOr1mvfNX9wekRM3uwjA8gKq85HMo1oAM,Whole Foods,27.13,2021-10-18,2021-10-18,"['Shops', 'Supermarkets and Groceries']",r1m4mgrJXVHxgz0bKpMLFPM0n6zeE5CBrbPAO
kXPbPKyZgnS7gOwxoE48UNvjwE44m6UREm0AL,AUTOMATIC PAYMENT - THANK,-208.0,2021-10-17,2021-10-17,"['Payment', 'Credit Card']",4VMBMbnrNQTN4gw5LPqDuNO3vxBP9mtkDqwEV
NoDJDP3L79cYXapwvmK8IOXwmz88Y0FR3BQN3,Dunkin' Donuts,5.72,2021-10-16,2021-10-17,"['Food and Drink', 'Restaurants', 'Coffee Shop']",a5ZmZwdJDjU4ewp1Y8BkFKDELpxo18SZK4oaD
YQ0p01XvMRtyg6QkL8ODf8aKBXrrnqHQ96YAd,Wendy's,19.56,2021-10-15,2021-10-17,"['Food and Drink', 'Restaurants', 'Fast Food']",a5ZmZwdJDjU4ewp1Y8BkFKDELpxo18SZK4oaD
7VzKzaxdRbT36NnaBbyXIBJMq4aeqdUQYKY4E,769 - 28 HARVAR AYER MA 10/15,12.73,2021-10-15,2021-10-15,"['Food and Drink', 'Restaurants']",r1m4mgrJXVHxgz0bKpMLFPM0n6zeE5CBrbPAO
9OMAMbx6Jmf8OJLxZwkoC8RQ67LA6NUdyNyP8,AFTERPAY 185-52896014 CA 10/15,70.87,2021-10-15,2021-10-15,"['Shops', 'Digital Purchase']",r1m4mgrJXVHxgz0bKpMLFPM0n6zeE5CBrbPAO
V5kQk6XKM9Uq80Z3gzawCAae1KXb1Mcrk0kzK,ONEGOAL DIRECT DEP PPD ID: 9111111102,-1765.02,,2021-10-15,"['Transfer', 'Payroll']",r1m4mgrJXVHxgz0bKpMLFPM0n6zeE5CBrbPAO
Oo1O1qyDBmcdm1p6yekDsZKe0nVw0OU8474ZD,AIRBNB HMYA9J9A9N AIRBNB.COM CA 10/14,289.44,2021-10-14,2021-10-14,"['Travel', 'Lodging', 'Hotels and Motels']",r1m4mgrJXVHxgz0bKpMLFPM0n6zeE5CBrbPAO
MELJL1B6POHqQopd1gyRCnQEjdMBjKIMPAPBy,FLOUR BAKERY MA 10/13,230.0,2021-10-13,2021-10-14,"['Shops', 'Food and Beverage Store']",r1m4mgrJXVHxgz0bKpMLFPM0n6zeE5CBrbPAO
zAJLJOaqRpCpqmVQLvMKUZJrNy99zPHOKwRp5,DELTA AIR 0062478034539,203.8,2021-10-11,2021-10-13,"['Travel', 'Airlines and Aviation Services']",a5ZmZwdJDjU4ewp1Y8BkFKDELpxo18SZK4oaD
EoMbMEdv0acpBm73ky64UpBLZbKoZMCpEKEZa,REMOTE ONLINE DEPOSIT # 1,-29.87,,2021-10-13,"['Transfer', 'Deposit']",r1m4mgrJXVHxgz0bKpMLFPM0n6zeE5CBrbPAO
QoqJq3kPBmc65N8n0gvpFB5jDezNDPUEJQJwL,Afterpay afterpay.com CA 10/11,17.27,2021-10-11,2021-10-12,"['Shops', 'Digital Purchase']",r1m4mgrJXVHxgz0bKpMLFPM0n6zeE5CBrbPAO
X5v8vmXAr9U3ABzK5pJLI1z39O0R9NT46B6Pq,ExxonMobil,2.02,2021-10-09,2021-10-12,"['Travel', 'Gas Stations']",r1m4mgrJXVHxgz0bKpMLFPM0n6zeE5CBrbPAO
pLK4KAxJmjiPVKYbmpMwi7o9MpKRMAuJa0aQL,MYUNGDONG NOODLE HOUSE FORT LEE NJ 10/09,77.82,2021-10-09,2021-10-12,"['Food and Drink', 'Restaurants']",r1m4mgrJXVHxgz0bKpMLFPM0n6zeE5CBrbPAO
nw343vAbXViO5817RpMEfVZze50ge8fA7m7qn,SP * POSFRANKIE100 NY 10/09,375.62,2021-10-09,2021-10-12,"['Shops', 'Clothing and Accessories']",r1m4mgrJXVHxgz0bKpMLFPM0n6zeE5CBrbPAO
NoDJDP3L79cYXapwvmK8IOXAqwLMq6iR3B3bq,Venmo,-551.0,,2021-10-12,"['Transfer', 'Third Party', 'Venmo']",r1m4mgrJXVHxgz0bKpMLFPM0n6zeE5CBrbPAO
RoBJByAqb9cLAkX1ngpoUEAvbR4rbZfy161Kb,Venmo,275.0,,2021-10-12,"['Transfer', 'Third Party', 'Venmo']",r1m4mgrJXVHxgz0bKpMLFPM0n6zeE5CBrbPAO
mdB4BAkojncVrZ94gpO5Fqj9k4dd6asMN5QoJ,KLARNA INC,99.0,2021-10-07,2021-10-08,"['Service', 'Financial']",a5ZmZwdJDjU4ewp1Y8BkFKDELpxo18SZK4oaD
ezdMd1DJymi8j7Nv5YkRCANVDokwDMcdavaem,JOHN TAMVAKOLOG BOSTON MA 10/06,58.69,2021-10-06,2021-10-06,"['Food and Drink', 'Restaurants']",r1m4mgrJXVHxgz0bKpMLFPM0n6zeE5CBrbPAO
YQ0p01XvMRtyg6QkL8ODf8ak1KwE1MUQ969po,THE HUB- LILY PS FRIED BOSTON MA 10/05,17.07,2021-10-05,2021-10-06,"['Food and Drink', 'Restaurants']",r1m4mgrJXVHxgz0bKpMLFPM0n6zeE5CBrbPAO
mdB4BAkojncVrZ94gpO5FqjRp93DpVfMN5N4p,APPLE.COM/BILL CA 10/05,0.99,2021-10-05,2021-10-05,"['Shops', 'Digital Purchase']",r1m4mgrJXVHxgz0bKpMLFPM0n6zeE5CBrbPAO
zAJLJOaqRpCpqmVQLvMKUZJ38rn081UOKwKBw,SP+AFF* BIEN MAL AFFIRM.COM CA 10/04,43.32,2021-10-04,2021-10-05,"['Service', 'Financial', 'Loans and Mortgages']",r1m4mgrJXVHxgz0bKpMLFPM0n6zeE5CBrbPAO
wy4d4ARDqOFm87RbA5MBF0dqMnLEMDCLr4rM1,345 Harrison WEB PMTS F89PZ7 WEB ID: 1540857512,650.0,,2021-10-04,"['Payment', 'Rent']",r1m4mgrJXVHxgz0bKpMLFPM0n6zeE5CBrbPAO
DoMYMrxAONc0D6p5nVwXc0DLPMbxPJCZgagqP,CVS,80.72,2021-10-02,2021-10-04,"['Shops', 'Pharmacies']",r1m4mgrJXVHxgz0bKpMLFPM0n6zeE5CBrbPAO
1EM1MQnv7eHz13A9j7DRczPjdVOpdZfmAvAqP,JOHN TAMVAKOLOG BOSTON MA 10/02,23.92,2021-10-02,2021-10-04,"['Food and Drink', 'Restaurants']",r1m4mgrJXVHxgz0bKpMLFPM0n6zeE5CBrbPAO
6VMyMReabmTNaB9mg73wuNzV8gD38KIaYJY9x,Spotify,9.99,2021-10-03,2021-10-04,"['Service', 'Subscription']",r1m4mgrJXVHxgz0bKpMLFPM0n6zeE5CBrbPAO
qDkxkXrJovTwKeObZJM6fVyBM7KrMzfJnYnrp,Venmo,-165.0,,2021-10-04,"['Transfer', 'Third Party', 'Venmo']",r1m4mgrJXVHxgz0bKpMLFPM0n6zeE5CBrbPAO
PoPbPBK139cwBVOLbJAgfYBrdD18dqSmJxJ76,Venmo,-10.0,,2021-10-04,"['Transfer', 'Third Party', 'Venmo']",r1m4mgrJXVHxgz0bKpMLFPM0n6zeE5CBrbPAO
Lo6J6Dqwbacg7vNyaMpjIZ7oYMeAYKU08M8Pp,Whole Foods,23.34,2021-10-03,2021-10-04,"['Shops', 'Supermarkets and Groceries']",r1m4mgrJXVHxgz0bKpMLFPM0n6zeE5CBrbPAO
d5b9bDLRyVUJY9ZqdNKEtEZp4Ry64vfbDnD1q,Whole Foods,38.19,2021-10-04,2021-10-04,"['Shops', 'Supermarkets and Groceries']",r1m4mgrJXVHxgz0bKpMLFPM0n6zeE5CBrbPAO
Lo6J6Dqwbacg7vNyaMpjIZ7M5Qqq1zH08MakE,ExxonMobil,62.81,2021-09-30,2021-10-03,"['Travel', 'Gas Stations']",a5ZmZwdJDjU4ewp1Y8BkFKDELpxo18SZK4oaD
d5b9bDLRyVUJY9ZqdNKEtEZR3nNNBDUbDnLzp,PAPER SOURCE- CAMBRIDGE,6.32,2021-10-01,2021-10-03,"['Shops', 'Cards and Stationery']",a5ZmZwdJDjU4ewp1Y8BkFKDELpxo18SZK4oaD
6VMyMReabmTNaB9mg73wuNzg4yZZO5UaYJmQq,101A ANTIQUE AND COLLE,280.7,2021-09-30,2021-10-01,"['Food and Drink', 'Restaurants']",a5ZmZwdJDjU4ewp1Y8BkFKDELpxo18SZK4oaD
BpRVR9xK38i4axj16bJEFa0R3wDz3Lt9NpNjb,AFTERPAY 185-52896014 CA 10/01,70.86,2021-10-01,2021-10-01,"['Shops', 'Digital Purchase']",r1m4mgrJXVHxgz0bKpMLFPM0n6zeE5CBrbPAO
wy4d4ARDqOFm87RbA5MBF0dnPkYYpNfLr4gmo,CONSIGNMENT CORNER,330.0,2021-09-30,2021-10-01,"['Shops', 'Vintage and Thrift']",a5ZmZwdJDjU4ewp1Y8BkFKDELpxo18SZK4oaD
3VeqeQnm08TdBDx13vPwsMeo0jr40ktKL5L0q,Venmo,375.0,,2021-10-01,"['Transfer', 'Third Party', 'Venmo']",r1m4mgrJXVHxgz0bKpMLFPM0n6zeE5CBrbPAO
kXPbPKyZgnS7gOwxoE48UNvAZj3oZqIREmEDJ,ONEGOAL DIRECT DEP PPD ID: 9111111102,-1765.03,,2021-09-30,"['Transfer', 'Payroll']",r1m4mgrJXVHxgz0bKpMLFPM0n6zeE5CBrbPAO
KowmwLPdQacX5oYm4Jp3IxRjJrMwJ5HQNjNvB,Venmo,-30.0,,2021-09-30,"['Transfer', 'Third Party', 'Venmo']",r1m4mgrJXVHxgz0bKpMLFPM0n6zeE5CBrbPAO
ykx6xO4PR9fEj3qb47MyUA8ZMDgPMKcOaVaob,Venmo,300.0,,2021-09-30,"['Transfer', 'Third Party', 'Venmo']",r1m4mgrJXVHxgz0bKpMLFPM0n6zeE5CBrbPAO
DoMYMrxAONc0D6p5nVwXc0DMeAQQvqfZga0ev,BALL SQUARE FINE WINES AN,80.0,2021-09-28,2021-09-29,"['Shops', 'Food and Beverage Store']",a5ZmZwdJDjU4ewp1Y8BkFKDELpxo18SZK4oaD
v3rVragLO0T5DZyb0XMqfbg1M6RoM9FmgLg75,Venmo,68.68,,2021-09-29,"['Transfer', 'Third Party', 'Venmo']",r1m4mgrJXVHxgz0bKpMLFPM0n6zeE5CBrbPAO
AVMNMa8yKET0e31K9bxDc0bvEz48EpC6jajB1,Venmo,700.0,,2021-09-29,"['Transfer', 'Third Party', 'Venmo']",r1m4mgrJXVHxgz0bKpMLFPM0n6zeE5CBrbPAO
j51o1y3bAVUYMK8yg4rJIXdwjqARj7CR3q3YJ,AER NAILBAR BROOKLINE MA 09/27,42.0,2021-09-27,2021-09-28,"['Service', 'Personal Care']",r1m4mgrJXVHxgz0bKpMLFPM0n6zeE5CBrbPAO
0eMDManAQ8sZn7NQYgLDcZj7pDkapzUrJ1J56,Venmo,300.0,,2021-09-28,"['Transfer', 'Third Party', 'Venmo']",r1m4mgrJXVHxgz0bKpMLFPM0n6zeE5CBrbPAO
r1m4mgrJXVHxgz0bKpMLFPRjMarZM7fBbObA6,AFTERPAY DE 09/27,17.27,2021-09-27,2021-09-27,"['Shops', 'Digital Purchase']",r1m4mgrJXVHxgz0bKpMLFPM0n6zeE5CBrbPAO
xKawaOr1mvfNX9wekRM3uwjA8gKq85HMo1ojM,PAYPAL TRANSFER PPD ID: PAYPALSD11,-1001.0,,2021-09-27,"['Transfer', 'Third Party', 'PayPal']",r1m4mgrJXVHxgz0bKpMLFPM0n6zeE5CBrbPAO
gM686qPJkVH5paMDxOv4fzMAOoZZ7QCqAQarr,PURCHASE INTEREST CHARGE,204.64,,2021-09-27,"['Interest', 'Interest Charged']",a5ZmZwdJDjU4ewp1Y8BkFKDELpxo18SZK4oaD
a5ZmZwdJDjU4ewp1Y8BkFKekDA9BD6SZ4q4aj,Venmo,70.8,,2021-09-27,"['Transfer', 'Third Party', 'Venmo']",r1m4mgrJXVHxgz0bKpMLFPM0n6zeE5CBrbPAO
4VMBMbnrNQTN4gw5LPqDuNdgORKEOpIkqjqE0,Venmo,360.0,,2021-09-27,"['Transfer', 'Third Party', 'Venmo']",r1m4mgrJXVHxgz0bKpMLFPM0n6zeE5CBrbPAO
JXdJd61myxSdwpn15MqJsXwjyJ8nypCbkzkQm,AMHERST MOBIL AMHERST NH 09/24,41.47,2021-09-24,2021-09-24,"['Travel', 'Gas Stations']",r1m4mgrJXVHxgz0bKpMLFPM0n6zeE5CBrbPAO
Z5jRjPX0y7UKOyZA68w1CBZqJYVaJgURvyv9k,STILLWHITE.COM SYDNEY 09/24,20.0,2021-09-24,2021-09-24,['Service'],r1m4mgrJXVHxgz0bKpMLFPM0n6zeE5CBrbPAO
8VMkMaxwJNT6eQgdDaXVF69LzeOVzaIyZ7ZKY,Venmo,166.0,,2021-09-24,"['Transfer', 'Third Party', 'Venmo']",r1m4mgrJXVHxgz0bKpMLFPM0n6zeE5CBrbPAO
5zM3MRn4J8i91jJNA7BxF9ojvY7LvatBVEVd6,AIRBNB HM9S9PQYMW AIRBNB.COM CA 09/23,70.5,2021-09-23,2021-09-23,"['Travel', 'Lodging', 'Hotels and Motels']",r1m4mgrJXVHxgz0bKpMLFPM0n6zeE5CBrbPAO
bgm8m6wnoXta79gbApOzUkayR4NNzvHq94okB,KLARNA *PAYMENTS,99.0,,2021-09-23,"['Service', 'Financial']",a5ZmZwdJDjU4ewp1Y8BkFKDELpxo18SZK4oaD
o6y4yxrJnvcagYo80pEMUxqRNwaQNgHBO1Okd,PAYPAL TRANSFER PPD ID: PAYPALSD11,-300.0,,2021-09-23,"['Transfer', 'Third Party', 'PayPal']",r1m4mgrJXVHxgz0bKpMLFPM0n6zeE5CBrbPAO
bgm8m6wnoXta79gbApOzUka0Qyg6Q1uq949dd,Verizon Wireless,234.5,,2021-09-22,"['Service', 'Telecommunication Services']",r1m4mgrJXVHxgz0bKpMLFPM0n6zeE5CBrbPAO
ykx6xO4PR9fEj3qb47MyUA8D5BNN7JIOaV9wV,KEEKS DESIGN,-150.0,,2021-09-21,['Service'],a5ZmZwdJDjU4ewp1Y8BkFKDELpxo18SZK4oaD
gM686qPJkVH5paMDxOv4fzMXyA3py4fqAQAbA,Whole Foods,73.08,2021-09-21,2021-09-21,"['Shops', 'Supermarkets and Groceries']",r1m4mgrJXVHxgz0bKpMLFPM0n6zeE5CBrbPAO
Oo1O1qyDBmcdm1p6yekDsZKe0nVw0OU8474ND,345 Harrison WEB PMTS MQ10Y7 WEB ID: 1540857512,789.0,,2021-09-20,"['Payment', 'Rent']",r1m4mgrJXVHxgz0bKpMLFPM0n6zeE5CBrbPAO
7VzKzaxdRbT36NnaBbyXIBJMq4aeqdUQYKYzE,ATM WITHDRAWAL 005294 09/2043 KNEELA,60.0,2021-09-20,2021-09-20,"['Transfer', 'Withdrawal', 'ATM']",r1m4mgrJXVHxgz0bKpMLFPM0n6zeE5CBrbPAO
V5kQk6XKM9Uq80Z3gzawCAae1KXb1Mcrk0kaK,CAPITAL ONE MOBILE PMT 3GMZVRWG2BB4MIG WEB ID: 9279744980,400.0,,2021-09-20,"['Payment', 'Credit Card']",r1m4mgrJXVHxgz0bKpMLFPM0n6zeE5CBrbPAO
9OMAMbx6Jmf8OJLxZwkoC8RQ67LA6NUdyNyr8,CHASE CREDIT CRD AUTOPAY PPD ID: 4760039224,198.0,,2021-09-20,"['Payment', 'Credit Card']",r1m4mgrJXVHxgz0bKpMLFPM0n6zeE5CBrbPAO
nw343vAbXViO5817RpMEfVZze50ge8fA7m77n,NICHE URBAN GARDEN SUPP BOSTON MA 09/16,196.56,2021-09-16,2021-09-20,"['Food and Drink', 'Restaurants']",r1m4mgrJXVHxgz0bKpMLFPM0n6zeE5CBrbPAO
0eMDManAQ8sZn7NQYgLDcZjDyoPPwKHrJ1oKk,PURCHASE INTEREST CHARGE,129.63,,2021-09-20,"['Interest', 'Interest Charged']",4VMBMbnrNQTN4gw5LPqDuNO3vxBP9mtkDqwEV
RoBJByAqb9cLAkX1ngpoUEAvbR4rbZfy161db,RAMBLE MARKET WALTHAM MA 09/18,51.0,2021-09-18,2021-09-20,"['Shops', 'Supermarkets and Groceries']",r1m4mgrJXVHxgz0bKpMLFPM0n6zeE5CBrbPAO
EoMbMEdv0acpBm73ky64UpBLZbKoZMCpEKE5a,TOWN OF ARLINGTON PARKI ARLINGTON MA 09/18,1.0,2021-09-18,2021-09-20,"['Travel', 'Parking']",r1m4mgrJXVHxgz0bKpMLFPM0n6zeE5CBrbPAO
QoqJq3kPBmc65N8n0gvpFB5jDezNDPUEJQJbL,TURO INC.* TRIP NOV HTTPSTURO.COM CA 09/20,216.33,2021-09-20,2021-09-20,"['Travel', 'Car and Truck Rentals']",r1m4mgrJXVHxgz0bKpMLFPM0n6zeE5CBrbPAO
MELJL1B6POHqQopd1gyRCnQEjdMBjKIMPAPky,Target,26.12,2021-09-18,2021-09-20,"['Shops', 'Supermarkets and Groceries']",r1m4mgrJXVHxgz0bKpMLFPM0n6zeE5CBrbPAO
pLK4KAxJmjiPVKYbmpMwi7o9MpKRMAuJa0aaL,Venmo,-1000.0,,2021-09-20,"['Transfer', 'Third Party', 'Venmo']",r1m4mgrJXVHxgz0bKpMLFPM0n6zeE5CBrbPAO
X5v8vmXAr9U3ABzK5pJLI1z39O0R9NT46B66q,AFTERPAY 185-52896014 CA 09/17,70.86,2021-09-17,2021-09-17,"['Shops', 'Digital Purchase']",r1m4mgrJXVHxgz0bKpMLFPM0n6zeE5CBrbPAO
v3rVragLO0T5DZyb0XMqfbg6Ok33eYCmgLzdA,AUTOMATIC PAYMENT - THANK YOU,-198.0,,2021-09-17,"['Payment', 'Credit Card']",4VMBMbnrNQTN4gw5LPqDuNO3vxBP9mtkDqwEV
NoDJDP3L79cYXapwvmK8IOXAqwLMq6iR3B33q,SP+AFF* BIEN MAL AFFIRM.COM CA 09/17,43.33,2021-09-17,2021-09-17,"['Service', 'Financial', 'Loans and Mortgages']",r1m4mgrJXVHxgz0bKpMLFPM0n6zeE5CBrbPAO
ezdMd1DJymi8j7Nv5YkRCANVDokwDMcdavaam,Target,12.22,2021-09-17,2021-09-17,"['Shops', 'Supermarkets and Groceries']",r1m4mgrJXVHxgz0bKpMLFPM0n6zeE5CBrbPAO
YQ0p01XvMRtyg6QkL8ODf8ak1KwE1MUQ9699o,HONG KONG SUPER BOSTON MA 09/16,19.94,2021-09-16,2021-09-16,"['Shops', 'Supermarkets and Groceries']",r1m4mgrJXVHxgz0bKpMLFPM0n6zeE5CBrbPAO
wy4d4ARDqOFm87RbA5MBF0dqMnLEMDCLr4rr1,PARCEL PENDING CA 09/15,5.0,2021-09-15,2021-09-16,"['Service', 'Shipping and Freight']",r1m4mgrJXVHxgz0bKpMLFPM0n6zeE5CBrbPAO
mdB4BAkojncVrZ94gpO5FqjRp93DpVfMN5NNp,Payment to Chase card ending in 5517 09/16,1000.0,2021-09-16,2021-09-16,"['Payment', 'Credit Card']",r1m4mgrJXVHxgz0bKpMLFPM0n6zeE5CBrbPAO
d5b9bDLRyVUJY9ZqdNKEtEZp4Ry64vfbDnDDq,TST* TATTE - SOUTH END BOSTON MA 09/16,16.38,2021-09-16,2021-09-16,"['Food and Drink', 'Restaurants']",r1m4mgrJXVHxgz0bKpMLFPM0n6zeE5CBrbPAO
zAJLJOaqRpCpqmVQLvMKUZJ38rn081UOKwKKw,Venmo,2.67,,2021-09-16,"['Transfer', 'Third Party', 'Venmo']",r1m4mgrJXVHxgz0bKpMLFPM0n6zeE5CBrbPAO
Lo6J6Dqwbacg7vNyaMpjIZ7oYMeAYKU08M88p,ONEGOAL DIRECT DEP PPD ID: 9111111102,-1765.02,,2021-09-15,"['Transfer', 'Payroll']",r1m4mgrJXVHxgz0bKpMLFPM0n6zeE5CBrbPAO
3VeqeQnm08TdBDx13vPwsMejRydd73sKL5QXn,Payment Thank You-Mobile,-1000.0,,2021-09-15,"['Payment', 'Credit Card']",a5ZmZwdJDjU4ewp1Y8BkFKDELpxo18SZK4oaD
6VMyMReabmTNaB9mg73wuNzV8gD38KIaYJYYx,Venmo,40.0,,2021-09-15,"['Transfer', 'Third Party', 'Venmo']",r1m4mgrJXVHxgz0bKpMLFPM0n6zeE5CBrbPAO
5zM3MRn4J8i91jJNA7BxF9oY3pOOwPiBVE1ro,KEEKS DESIGN,422.75,,2021-09-14,['Service'],a5ZmZwdJDjU4ewp1Y8BkFKDELpxo18SZK4oaD
o6y4yxrJnvcagYo80pEMUxqw1KMMpotBO1yRe,KLARNA *PAYMENTS,43.32,,2021-09-14,"['Service', 'Financial']",a5ZmZwdJDjU4ewp1Y8BkFKDELpxo18SZK4oaD
DoMYMrxAONc0D6p5nVwXc0DLPMbxPJCZgaggP,Afterpay afterpay.com CA 09/13,17.27,2021-09-13,2021-09-13,"['Shops', 'Digital Purchase']",r1m4mgrJXVHxgz0bKpMLFPM0n6zeE5CBrbPAO
1EM1MQnv7eHz13A9j7DRczPjdVOpdZfmAvAAP,Dairy Queen,9.61,2021-09-10,2021-09-13,"['Food and Drink', 'Restaurants']",r1m4mgrJXVHxgz0bKpMLFPM0n6zeE5CBrbPAO
BpRVR9xK38i4axj16bJEFa0wQxKKrbH9NpQmP,KLARNA INC KLARNA.COM,-146.01,,2021-09-13,"['Service', 'Financial']",a5ZmZwdJDjU4ewp1Y8BkFKDELpxo18SZK4oaD
qDkxkXrJovTwKeObZJM6fVy79m00RPUJnYPRe,KLARNA INC KLARNA.COM,-146.01,,2021-09-13,"['Service', 'Financial']",a5ZmZwdJDjU4ewp1Y8BkFKDELpxo18SZK4oaD
qDkxkXrJovTwKeObZJM6fVyBM7KrMzfJnYnnp,REMOTE ONLINE DEPOSIT # 1,-1059.8,,2021-09-13,"['Transfer', 'Deposit']",r1m4mgrJXVHxgz0bKpMLFPM0n6zeE5CBrbPAO
PoPbPBK139cwBVOLbJAgfYBrdD18dqSmJxJJ6,Venmo,-429.0,,2021-09-13,"['Transfer', 'Third Party', 'Venmo']",r1m4mgrJXVHxgz0bKpMLFPM0n6zeE5CBrbPAO
3VeqeQnm08TdBDx13vPwsMeo0jr40ktKL5LLq,ATM WITHDRAWAL 002097 09/10345 Harri,700.0,2021-09-10,2021-09-10,"['Transfer', 'Withdrawal', 'ATM']",r1m4mgrJXVHxgz0bKpMLFPM0n6zeE5CBrbPAO
BpRVR9xK38i4axj16bJEFa0R3wDz3Lt9NpNNb,Cumberland Farms,32.14,2021-09-10,2021-09-10,"['Shops', 'Convenience Stores']",r1m4mgrJXVHxgz0bKpMLFPM0n6zeE5CBrbPAO
Z5jRjPX0y7UKOyZA68w1CBZYXrQQMAfRvyjeD,Pacific Sunwear,102.0,,2021-09-10,"['Shops', 'Clothing and Accessories']",a5ZmZwdJDjU4ewp1Y8BkFKDELpxo18SZK4oaD
8VMkMaxwJNT6eQgdDaXVF69ePxppmDUyZ7Boq,KLARNA INC KLARNA.COM,99.0,,2021-09-09,"['Service', 'Financial']",a5ZmZwdJDjU4ewp1Y8BkFKDELpxo18SZK4oaD
ykx6xO4PR9fEj3qb47MyUA8ZMDgPMKcOaVaab,PARKING METERS PILOT PR BOSTON MA 09/08,2.75,2021-09-08,2021-09-09,"['Travel', 'Parking']",r1m4mgrJXVHxgz0bKpMLFPM0n6zeE5CBrbPAO
KowmwLPdQacX5oYm4Jp3IxRjJrMwJ5HQNjNNB,MEJURI HTTPSMEJURI.C DE 09/07,53.13,2021-09-07,2021-09-08,"['Food and Drink', 'Restaurants']",r1m4mgrJXVHxgz0bKpMLFPM0n6zeE5CBrbPAO
0eMDManAQ8sZn7NQYgLDcZj7pDkapzUrJ1JJ6,AFTERPAY 185-52896014 CA 09/03,70.86,2021-09-03,2021-09-07,"['Shops', 'Digital Purchase']",r1m4mgrJXVHxgz0bKpMLFPM0n6zeE5CBrbPAO
v3rVragLO0T5DZyb0XMqfbg1M6RoM9FmgLgg5,Best Buy,5.18,2021-09-05,2021-09-07,"['Shops', 'Computers and Electronics']",r1m4mgrJXVHxgz0bKpMLFPM0n6zeE5CBrbPAO
j51o1y3bAVUYMK8yg4rJIXdwjqARj7CR3q33J,SP * SVRN+ HTTPSDTSWESTL IL 09/03,68.0,2021-09-03,2021-09-07,"['Shops', 'Clothing and Accessories']",r1m4mgrJXVHxgz0bKpMLFPM0n6zeE5CBrbPAO
AVMNMa8yKET0e31K9bxDc0bvEz48EpC6jajj1,TST* TATTE - SOUTH END BOSTON MA 09/06,32.33,2021-09-06,2021-09-07,"['Food and Drink', 'Restaurants']",r1m4mgrJXVHxgz0bKpMLFPM0n6zeE5CBrbPAO
kXPbPKyZgnS7gOwxoE48UNvAZj3oZqIREmEEJ,Whole Foods,82.23,2021-09-07,2021-09-07,"['Shops', 'Supermarkets and Groceries']",r1m4mgrJXVHxgz0bKpMLFPM0n6zeE5CBrbPAO
4VMBMbnrNQTN4gw5LPqDuNdgORKEOpIkqjqq0,Amazon,21.2,2021-09-03,2021-09-03,"['Shops', 'Digital Purchase']",r1m4mgrJXVHxgz0bKpMLFPM0n6zeE5CBrbPAO
r1m4mgrJXVHxgz0bKpMLFPRjMarZM7fBbObb6,Spotify,9.99,2021-09-03,2021-09-03,"['Service', 'Subscription']",r1m4mgrJXVHxgz0bKpMLFPM0n6zeE5CBrbPAO
a5ZmZwdJDjU4ewp1Y8BkFKekDA9BD6SZ4q44j,Target,42.5,2021-09-02,2021-09-03,"['Shops', 'Supermarkets and Groceries']",r1m4mgrJXVHxgz0bKpMLFPM0n6zeE5CBrbPAO
ykx6xO4PR9fEj3qb47MyUA8ZMDgPMKcOaVaaD,345 Harrison WEB PMTS RK4TV7 WEB ID: 1540857512,650.0,,2021-09-02,"['Payment', 'Rent']",r1m4mgrJXVHxgz0bKpMLFPM0n6zeE5CBrbPAO
AVMNMa8yKET0e31K9bxDc0bvEz48EpC6jajjQ,Etsy.com - ProperByDes NY 09/01,42.49,2021-09-01,2021-09-02,"['Shops', 'Digital Purchase']",r1m4mgrJXVHxgz0bKpMLFPM0n6zeE5CBrbPAO
xKawaOr1mvfNX9wekRM3uwjA8gKq85HMo1ooM,H MART - CAMBRIDGE CAMBRIDGE MA 295992 09/02,219.37,2021-09-02,2021-09-02,"['Shops', 'Supermarkets and Groceries']",r1m4mgrJXVHxgz0bKpMLFPM0n6zeE5CBrbPAO
JXdJd61myxSdwpn15MqJsXwJmvqq09fbkzqK4,KLARNA INC KLARNA.COM,146.01,,2021-09-02,"['Service', 'Financial']",a5ZmZwdJDjU4ewp1Y8BkFKDELpxo18SZK4oaD
PoPbPBK139cwBVOLbJAgfYBDLQyyzXUmJxDLn,Payment Thank You-Mobile,-2000.0,,2021-09-02,"['Payment', 'Credit Card']",a5ZmZwdJDjU4ewp1Y8BkFKDELpxo18SZK4oaD
qDkxkXrJovTwKeObZJM6fVyBM7KrMzfJnYnn1,Payment to Chase card ending in 5517 09/02,2000.0,2021-09-02,2021-09-02,"['Payment', 'Credit Card']",r1m4mgrJXVHxgz0bKpMLFPM0n6zeE5CBrbPAO
kXPbPKyZgnS7gOwxoE48UNvAZj3oZqIREmEEE,TARGET 00018986 DORCHESTER MA 09/01,23.34,2021-09-01,2021-09-02,"['Shops', 'Supermarkets and Groceries']",r1m4mgrJXVHxgz0bKpMLFPM0n6zeE5CBrbPAO
0eMDManAQ8sZn7NQYgLDcZj7pDkapzUrJ1JJD,Venmo,-2999.0,,2021-09-02,"['Transfer', 'Third Party', 'Venmo']",r1m4mgrJXVHxgz0bKpMLFPM0n6zeE5CBrbPAO
v3rVragLO0T5DZyb0XMqfbg1M6RoM9FmgLgg8,Venmo,-21.0,,2021-09-02,"['Transfer', 'Third Party', 'Venmo']",r1m4mgrJXVHxgz0bKpMLFPM0n6zeE5CBrbPAO
KowmwLPdQacX5oYm4Jp3IxRjJrMwJ5HQNjNNv,Venmo,68.12,,2021-09-02,"['Transfer', 'Third Party', 'Venmo']",r1m4mgrJXVHxgz0bKpMLFPM0n6zeE5CBrbPAO
PoPbPBK139cwBVOLbJAgfYBrdD18dqSmJxJJo,Zelle payment to Anna Strindberg JPM706973959,550.0,,2021-09-02,"['Transfer', 'Debit']",r1m4mgrJXVHxgz0bKpMLFPM0n6zeE5CBrbPAO
BpRVR9xK38i4axj16bJEFa0R3wDz3Lt9NpNN7,Zelle payment to Jessica Taste Creme JPM706360863,105.0,,2021-09-02,"['Transfer', 'Debit']",r1m4mgrJXVHxgz0bKpMLFPM0n6zeE5CBrbPAO
3VeqeQnm08TdBDx13vPwsMeo0jr40ktKL5LL7,Zelle payment to Rachel cho 12510135373,100.0,,2021-09-02,"['Transfer', 'Debit']",r1m4mgrJXVHxgz0bKpMLFPM0n6zeE5CBrbPAO
xKawaOr1mvfNX9wekRM3uwjgByzz0vSMo1y7x,KLARNA INC KLARNA.COM,43.31,,2021-09-01,"['Service', 'Financial']",a5ZmZwdJDjU4ewp1Y8BkFKDELpxo18SZK4oaD
j51o1y3bAVUYMK8yg4rJIXdwjqARj7CR3q33B,Payment to Chase card ending in 5517 09/01,1000.0,2021-09-01,2021-09-01,"['Payment', 'Credit Card']",r1m4mgrJXVHxgz0bKpMLFPM0n6zeE5CBrbPAO
r1m4mgrJXVHxgz0bKpMLFPRjMarZM7fBbObb5,"THANK YOU, LOVEECRU PRAGUE 08/31",283.0,2021-08-31,2021-09-01,"['Food and Drink', 'Restaurants']",r1m4mgrJXVHxgz0bKpMLFPM0n6zeE5CBrbPAO
4VMBMbnrNQTN4gw5LPqDuNdgORKEOpIkqjqqQ,USPS CHANGE OF ADDRES TN 08/31,1.1,2021-08-31,2021-09-01,"['Service', 'Shipping and Freight']",r1m4mgrJXVHxgz0bKpMLFPM0n6zeE5CBrbPAO
JXdJd61myxSdwpn15MqJsXwjyJ8nypCbkzkqo,KINFOLK COPENHAGEN 08/31,75.0,2021-08-31,2021-08-31,"['Food and Drink', 'Restaurants']",r1m4mgrJXVHxgz0bKpMLFPM0n6zeE5CBrbPAO
8VMkMaxwJNT6eQgdDaXVF69LzeOVzaIyZ7ZBk,ONEGOAL DIRECT DEP PPD ID: 9111111102,-1765.02,,2021-08-31,"['Transfer', 'Payroll']",r1m4mgrJXVHxgz0bKpMLFPM0n6zeE5CBrbPAO
1EM1MQnv7eHz13A9j7DRczPVem556nCmAvE5r,Payment Thank You-Mobile,-1000.0,,2021-08-31,"['Payment', 'Credit Card']",a5ZmZwdJDjU4ewp1Y8BkFKDELpxo18SZK4oaD
a5ZmZwdJDjU4ewp1Y8BkFKekDA9BD6SZ4q44R,Venmo,700.0,,2021-08-31,"['Transfer', 'Third Party', 'Venmo']",r1m4mgrJXVHxgz0bKpMLFPM0n6zeE5CBrbPAO
xKawaOr1mvfNX9wekRM3uwjA8gKq85HMo1ooB,Weddings by Nato Weddings b ST-N5N9X1G5S2D7 CCD ID: 1800948598,700.0,,2021-08-31,"['Shops', 'Clothing and Accessories', ""Kids' Store""]",r1m4mgrJXVHxgz0bKpMLFPM0n6zeE5CBrbPAO
bgm8m6wnoXta79gbApOzUka0Qyg6Q1uq949oR,ATM CASH DEPOSIT 08/30 1364 BEACON ST,-1070.0,2021-08-30,2021-08-30,"['Transfer', 'Deposit', 'ATM']",r1m4mgrJXVHxgz0bKpMLFPM0n6zeE5CBrbPAO
o6y4yxrJnvcagYo80pEMUxqRNwaQNgHBO1Oym,McDonald's,26.13,2021-08-27,2021-08-30,"['Food and Drink', 'Restaurants', 'Fast Food']",r1m4mgrJXVHxgz0bKpMLFPM0n6zeE5CBrbPAO
5zM3MRn4J8i91jJNA7BxF9ojvY7LvatBVEV10,Venmo,180.0,,2021-08-30,"['Transfer', 'Third Party', 'Venmo']",r1m4mgrJXVHxgz0bKpMLFPM0n6zeE5CBrbPAO
Z5jRjPX0y7UKOyZA68w1CBZqJYVaJgURvyvj3,"ZANA CORP., INC BROOKLINE MA 08/30",30.34,2021-08-30,2021-08-30,"['Food and Drink', 'Restaurants']",r1m4mgrJXVHxgz0bKpMLFPM0n6zeE5CBrbPAO
4VMBMbnrNQTN4gw5LPqDuNdRnZMMB1Ukqj8ap,PUBLIC HOTEL - NEW YOR,221.25,,2021-08-29,"['Travel', 'Lodging']",a5ZmZwdJDjU4ewp1Y8BkFKDELpxo18SZK4oaD
a5ZmZwdJDjU4ewp1Y8BkFKeAXdPPxMUZ4qb0B,PUBLIC HOTEL - NEW YOR,221.25,,2021-08-29,"['Travel', 'Lodging']",a5ZmZwdJDjU4ewp1Y8BkFKDELpxo18SZK4oaD
AVMNMa8yKET0e31K9bxDc0bzw577aYf6jaQmo,BCF Etsy Uplift,0.01,,2021-08-28,"['Shops', 'Digital Purchase']",a5ZmZwdJDjU4ewp1Y8BkFKDELpxo18SZK4oaD
v3rVragLO0T5DZyb0XMqfbg6Ok33eYCmgLzw3,CRATE&BARREL CB2 NOD,110.73,,2021-08-28,"['Shops', 'Furniture and Home Decor']",a5ZmZwdJDjU4ewp1Y8BkFKDELpxo18SZK4oaD
0eMDManAQ8sZn7NQYgLDcZjDyoPPwKHrJ1o6b,Etsy.com - PearlyPaperDes,5.99,,2021-08-28,"['Shops', 'Digital Purchase']",a5ZmZwdJDjU4ewp1Y8BkFKDELpxo18SZK4oaD
r1m4mgrJXVHxgz0bKpMLFPRawYqqzDHBbOeoX,PUBLIC HOTEL - NEW YOR,221.25,,2021-08-28,"['Travel', 'Lodging']",a5ZmZwdJDjU4ewp1Y8BkFKDELpxo18SZK4oaD
j51o1y3bAVUYMK8yg4rJIXdq64VVY8fR3qmE9,PUBLIC HOTEL - NEW YOR,616.53,,2021-08-28,"['Travel', 'Lodging']",a5ZmZwdJDjU4ewp1Y8BkFKDELpxo18SZK4oaD
BpRVR9xK38i4axj16bJEFa0wQxKKrbH9NpQr0,Etsy.com - PearlyPaperDes,17.4,,2021-08-27,"['Shops', 'Digital Purchase']",a5ZmZwdJDjU4ewp1Y8BkFKDELpxo18SZK4oaD
7VzKzaxdRbT36NnaBbyXIBJMq4aeqdUQYKYEd,GrubHub,28.05,2021-08-27,2021-08-27,"['Service', 'Food and Beverage']",r1m4mgrJXVHxgz0bKpMLFPM0n6zeE5CBrbPAO
KowmwLPdQacX5oYm4Jp3IxRrOvkkK8tQNjAOP,HCM*FLOWERS NATURALLY NYC,21.77,,2021-08-27,"['Shops', 'Florists']",a5ZmZwdJDjU4ewp1Y8BkFKDELpxo18SZK4oaD
gM686qPJkVH5paMDxOv4fzMXyA3py4fqAQAaQ,PUBLIC HOTEL - NEW YOR NEW YORK NY 08/26,6192.28,2021-08-26,2021-08-27,"['Travel', 'Lodging']",r1m4mgrJXVHxgz0bKpMLFPM0n6zeE5CBrbPAO
KowmwLPdQacX5oYm4Jp3IxRrOvkkK8tQNjA6M,PURCHASE INTEREST CHARGE,175.83,,2021-08-27,"['Interest', 'Interest Charged']",a5ZmZwdJDjU4ewp1Y8BkFKDELpxo18SZK4oaD
kXPbPKyZgnS7gOwxoE48UNvjwE44m6UREm0kP,SP * NOGUCHI MUSEUM,54.44,,2021-08-27,"['Recreation', 'Arts and Entertainment']",a5ZmZwdJDjU4ewp1Y8BkFKDELpxo18SZK4oaD
9OMAMbx6Jmf8OJLxZwkoC8RQ67LA6NUdyNy4M,Venmo,-125.0,,2021-08-27,"['Transfer', 'Third Party', 'Venmo']",r1m4mgrJXVHxgz0bKpMLFPM0n6zeE5CBrbPAO
Oo1O1qyDBmcdm1p6yekDsZKe0nVw0OU8474eK,ATM CHECK DEPOSIT 08/26 345 Harrison Ave,-500.0,2021-08-26,2021-08-26,"['Transfer', 'Deposit', 'ATM']",r1m4mgrJXVHxgz0bKpMLFPM0n6zeE5CBrbPAO
ykx6xO4PR9fEj3qb47MyUA8D5BNN7JIOaV9vj,CVS,14.64,,2021-08-26,"['Shops', 'Pharmacies']",a5ZmZwdJDjU4ewp1Y8BkFKDELpxo18SZK4oaD
3VeqeQnm08TdBDx13vPwsMejRydd73sKL5QR4,EYE ADORE THREADING,33.75,,2021-08-26,"['Service', 'Personal Care']",a5ZmZwdJDjU4ewp1Y8BkFKDELpxo18SZK4oaD
8VMkMaxwJNT6eQgdDaXVF69ePxppmDUyZ7BPq,USPS PO 2400900215,12.57,,2021-08-26,"['Service', 'Shipping and Freight']",a5ZmZwdJDjU4ewp1Y8BkFKDELpxo18SZK4oaD
V5kQk6XKM9Uq80Z3gzawCAae1KXb1Mcrk0kYq,Whole Foods,17.64,2021-08-26,2021-08-26,"['Shops', 'Supermarkets and Groceries']",r1m4mgrJXVHxgz0bKpMLFPM0n6zeE5CBrbPAO
JXdJd61myxSdwpn15MqJsXwJmvqq09fbkzqe4,TAO'S BEAUTY,88.71,,2021-08-25,"['Shops', 'Beauty Products']",a5ZmZwdJDjU4ewp1Y8BkFKDELpxo18SZK4oaD
xKawaOr1mvfNX9wekRM3uwjgByzz0vSMo1y9x,TST* TATTE - SOUTH END,21.96,,2021-08-25,"['Food and Drink', 'Restaurants']",a5ZmZwdJDjU4ewp1Y8BkFKDELpxo18SZK4oaD
a5ZmZwdJDjU4ewp1Y8BkFKeAXdPPxMUZ4qbmB,Speedway,40.0,,2021-08-24,"['Travel', 'Gas Stations']",a5ZmZwdJDjU4ewp1Y8BkFKDELpxo18SZK4oaD
QoqJq3kPBmc65N8n0gvpFB5jDezNDPUEJQJMr,SPOTHERO 844-356-805 HTTPSSPOTHERO IL 08/22,99.75,2021-08-22,2021-08-23,"['Travel', 'Parking']",r1m4mgrJXVHxgz0bKpMLFPM0n6zeE5CBrbPAO
nw343vAbXViO5817RpMEfVZze50ge8fA7m7NZ,Venmo,-182.0,,2021-08-23,"['Transfer', 'Third Party', 'Venmo']",r1m4mgrJXVHxgz0bKpMLFPM0n6zeE5CBrbPAO
MELJL1B6POHqQopd1gyRCnQEjdMBjKIMPAPO8,Venmo,23.0,,2021-08-23,"['Transfer', 'Third Party', 'Venmo']",r1m4mgrJXVHxgz0bKpMLFPM0n6zeE5CBrbPAO
EoMbMEdv0acpBm73ky64UpBLZbKoZMCpEKE83,Venmo,24.6,,2021-08-23,"['Transfer', 'Third Party', 'Venmo']",r1m4mgrJXVHxgz0bKpMLFPM0n6zeE5CBrbPAO
RoBJByAqb9cLAkX1ngpoUEAvbR4rbZfy161ow,Weddings by Nato Weddings b ST-J0Z0E9V6U1H8 CCD ID: 1800948598,800.0,,2021-08-23,"['Shops', 'Clothing and Accessories', ""Kids' Store""]",r1m4mgrJXVHxgz0bKpMLFPM0n6zeE5CBrbPAO
r1m4mgrJXVHxgz0bKpMLFPRawYqqzDHBbOezX,CVS,19.0,,2021-08-21,"['Shops', 'Pharmacies']",a5ZmZwdJDjU4ewp1Y8BkFKDELpxo18SZK4oaD
MELJL1B6POHqQopd1gyRCnQd90vvAOUMPAOvM,MEJURI HTTPSMEJURI.C DE,-313.44,,2021-08-21,"['Transfer', 'Credit']",a5ZmZwdJDjU4ewp1Y8BkFKDELpxo18SZK4oaD
AVMNMa8yKET0e31K9bxDc0bzw577aYf6jaQEm,Sephora,-57.96,,2021-08-21,"['Shops', 'Beauty Products']",4VMBMbnrNQTN4gw5LPqDuNO3vxBP9mtkDqwEV
X5v8vmXAr9U3ABzK5pJLI1z39O0R9NT46B6yN,CAPITAL ONE CRCARDPMT 3GGN7SS0SGGOOHK WEB ID: 9541719018,261.0,,2021-08-20,"['Payment', 'Credit Card']",r1m4mgrJXVHxgz0bKpMLFPM0n6zeE5CBrbPAO
xKawaOr1mvfNX9wekRM3uwjgByzz0vSMo1ynp,PURCHASE INTEREST CHARGE,117.65,,2021-08-20,"['Interest', 'Interest Charged']",4VMBMbnrNQTN4gw5LPqDuNO3vxBP9mtkDqwEV
4VMBMbnrNQTN4gw5LPqDuNdRnZMMB1Ukqj8vp,Speedway,16.52,,2021-08-20,"['Travel', 'Gas Stations']",a5ZmZwdJDjU4ewp1Y8BkFKDELpxo18SZK4oaD
YQ0p01XvMRtyg6QkL8ODf8ak1KwE1MUQ969YP,Venmo,-2999.0,,2021-08-20,"['Transfer', 'Third Party', 'Venmo']",r1m4mgrJXVHxgz0bKpMLFPM0n6zeE5CBrbPAO
ezdMd1DJymi8j7Nv5YkRCANVDokwDMcdavaYz,Venmo,-1001.0,,2021-08-20,"['Transfer', 'Third Party', 'Venmo']",r1m4mgrJXVHxgz0bKpMLFPM0n6zeE5CBrbPAO
NoDJDP3L79cYXapwvmK8IOXAqwLMq6iR3B3QE,Venmo,-77.22,,2021-08-20,"['Transfer', 'Third Party', 'Venmo']",r1m4mgrJXVHxgz0bKpMLFPM0n6zeE5CBrbPAO
pLK4KAxJmjiPVKYbmpMwi7o9MpKRMAuJa0aDx,Verizon Wireless,242.37,,2021-08-20,"['Service', 'Telecommunication Services']",r1m4mgrJXVHxgz0bKpMLFPM0n6zeE5CBrbPAO
d5b9bDLRyVUJY9ZqdNKEtEZp4Ry64vfbDnDLA,345 Harrison WEB PMTS P3DNT7 WEB ID: 1540857512,1000.0,,2021-08-18,"['Payment', 'Rent']",r1m4mgrJXVHxgz0bKpMLFPM0n6zeE5CBrbPAO
mdB4BAkojncVrZ94gpO5FqjRp93DpVfMN5NQo,345 Harrison WEB PMTS Q3DNT7 WEB ID: 1540857512,39.0,,2021-08-18,"['Payment', 'Rent']",r1m4mgrJXVHxgz0bKpMLFPM0n6zeE5CBrbPAO
zAJLJOaqRpCpqmVQLvMKUZJ38rn081UOKwKRX,Comcast,115.83,,2021-08-18,"['Service', 'Cable']",r1m4mgrJXVHxgz0bKpMLFPM0n6zeE5CBrbPAO
wy4d4ARDqOFm87RbA5MBF0dqMnLEMDCLr4rgj,DOORDASH*TAIWAN CAFE WWW.DOORDASH. CA 08/18,89.98,2021-08-18,2021-08-18,"['Service', 'Food and Beverage']",r1m4mgrJXVHxgz0bKpMLFPM0n6zeE5CBrbPAO
j51o1y3bAVUYMK8yg4rJIXdq64VVY8fR3qmJ9,KLARNA INC KLARNA.COM,146.01,,2021-08-18,"['Service', 'Financial']",a5ZmZwdJDjU4ewp1Y8BkFKDELpxo18SZK4oaD
v3rVragLO0T5DZyb0XMqfbg6Ok33eYCmgLzA3,RACHEL CHO FLORAL DESI,1093.38,,2021-08-18,"['Shops', 'Florists']",a5ZmZwdJDjU4ewp1Y8BkFKDELpxo18SZK4oaD
j51o1y3bAVUYMK8yg4rJIXdq64VVY8fR3qmrV,AUTOMATIC PAYMENT - THANK YOU,-143.0,,2021-08-17,"['Payment', 'Credit Card']",4VMBMbnrNQTN4gw5LPqDuNO3vxBP9mtkDqwEV
6VMyMReabmTNaB9mg73wuNzV8gD38KIaYJYmD,CHASE CREDIT CRD AUTOPAY PPD ID: 4760039224,143.0,,2021-08-17,"['Payment', 'Credit Card']",r1m4mgrJXVHxgz0bKpMLFPM0n6zeE5CBrbPAO
0eMDManAQ8sZn7NQYgLDcZjDyoPPwKHrJ1omb,KLARNA INC KLARNA.COM,43.31,,2021-08-17,"['Service', 'Financial']",a5ZmZwdJDjU4ewp1Y8BkFKDELpxo18SZK4oaD
1EM1MQnv7eHz13A9j7DRczPjdVOpdZfmAvAEm,Venmo,-2999.0,,2021-08-17,"['Transfer', 'Third Party', 'Venmo']",r1m4mgrJXVHxgz0bKpMLFPM0n6zeE5CBrbPAO
DoMYMrxAONc0D6p5nVwXc0DLPMbxPJCZgag0Y,Venmo,-23.85,,2021-08-17,"['Transfer', 'Third Party', 'Venmo']",r1m4mgrJXVHxgz0bKpMLFPM0n6zeE5CBrbPAO
Lo6J6Dqwbacg7vNyaMpjIZ7oYMeAYKU08M8aY,Venmo,31.8,,2021-08-17,"['Transfer', 'Third Party', 'Venmo']",r1m4mgrJXVHxgz0bKpMLFPM0n6zeE5CBrbPAO
Oo1O1qyDBmcdm1p6yekDsZKnQrBBY3H847eQo,CVS,-17.0,,2021-08-16,"['Shops', 'Pharmacies']",a5ZmZwdJDjU4ewp1Y8BkFKDELpxo18SZK4oaD
qDkxkXrJovTwKeObZJM6fVyBM7KrMzfJnYnP1,Costco,7.47,2021-08-15,2021-08-16,"['Shops', 'Warehouses and Wholesale Stores']",r1m4mgrJXVHxgz0bKpMLFPM0n6zeE5CBrbPAO
kXPbPKyZgnS7gOwxoE48UNvAZj3oZqIREmE0E,PARCEL PENDING CA 08/14,20.0,2021-08-14,2021-08-16,"['Service', 'Shipping and Freight']",r1m4mgrJXVHxgz0bKpMLFPM0n6zeE5CBrbPAO
3VeqeQnm08TdBDx13vPwsMeo0jr40ktKL5LQ7,PARCEL PENDING CA 08/15,5.0,2021-08-15,2021-08-16,"['Service', 'Shipping and Freight']",r1m4mgrJXVHxgz0bKpMLFPM0n6zeE5CBrbPAO
ykx6xO4PR9fEj3qb47MyUA8ZMDgPMKcOaVa9D,TST* FOMU - FENWAY POP BOSTON MA 08/15,13.62,2021-08-15,2021-08-16,"['Food and Drink', 'Restaurants']",r1m4mgrJXVHxgz0bKpMLFPM0n6zeE5CBrbPAO
v3rVragLO0T5DZyb0XMqfbg1M6RoM9FmgLgz8,Venmo,-410.29,,2021-08-16,"['Transfer', 'Third Party', 'Venmo']",r1m4mgrJXVHxgz0bKpMLFPM0n6zeE5CBrbPAO
AVMNMa8yKET0e31K9bxDc0bvEz48EpC6jajQQ,Venmo,-317.0,,2021-08-16,"['Transfer', 'Third Party', 'Venmo']",r1m4mgrJXVHxgz0bKpMLFPM0n6zeE5CBrbPAO
PoPbPBK139cwBVOLbJAgfYBrdD18dqSmJxJDo,Venmo,94.0,,2021-08-16,"['Transfer', 'Third Party', 'Venmo']",r1m4mgrJXVHxgz0bKpMLFPM0n6zeE5CBrbPAO
KowmwLPdQacX5oYm4Jp3IxRjJrMwJ5HQNjNAv,Whole Foods,17.32,2021-08-14,2021-08-16,"['Shops', 'Supermarkets and Groceries']",r1m4mgrJXVHxgz0bKpMLFPM0n6zeE5CBrbPAO
BpRVR9xK38i4axj16bJEFa0R3wDz3Lt9NpNQ7,Whole Foods,50.78,2021-08-15,2021-08-16,"['Shops', 'Supermarkets and Groceries']",r1m4mgrJXVHxgz0bKpMLFPM0n6zeE5CBrbPAO
AVMNMa8yKET0e31K9bxDc0bzw577aYf6jaQzo,CEREMONY,339.5,,2021-08-15,"['Shops', 'Clothing and Accessories']",a5ZmZwdJDjU4ewp1Y8BkFKDELpxo18SZK4oaD
KowmwLPdQacX5oYm4Jp3IxRrOvkkK8tQNjA6P,ALL FIT TAILORING,1020.0,,2021-08-14,"['Service', 'Personal Care']",a5ZmZwdJDjU4ewp1Y8BkFKDELpxo18SZK4oaD
kXPbPKyZgnS7gOwxoE48UNvjwE44m6UREm0nP,BLICK ART,34.12,,2021-08-14,"['Shops', 'Arts and Crafts']",a5ZmZwdJDjU4ewp1Y8BkFKDELpxo18SZK4oaD
ykx6xO4PR9fEj3qb47MyUA8D5BNN7JIOaV9vV,CVS,17.0,,2021-08-14,"['Shops', 'Pharmacies']",a5ZmZwdJDjU4ewp1Y8BkFKDELpxo18SZK4oaD
PoPbPBK139cwBVOLbJAgfYBDLQyyzXUmJxDBn,PARKING METERS PILOT PROG,1.75,,2021-08-14,"['Travel', 'Parking']",a5ZmZwdJDjU4ewp1Y8BkFKDELpxo18SZK4oaD
3VeqeQnm08TdBDx13vPwsMejRydd73sKL5QRn,"TASTE CREME, LLC gosq.com",278.13,,2021-08-14,"['Food and Drink', 'Restaurants']",a5ZmZwdJDjU4ewp1Y8BkFKDELpxo18SZK4oaD
qDkxkXrJovTwKeObZJM6fVy79m00RPUJnYP7e,TSB Returns Ltd Telford,8.25,,2021-08-14,"['Shops', 'Clothing and Accessories']",a5ZmZwdJDjU4ewp1Y8BkFKDELpxo18SZK4oaD
0eMDManAQ8sZn7NQYgLDcZj7pDkapzUrJ1JoD,ONEGOAL DIRECT DEP PPD ID: 9111111102,-1765.02,,2021-08-13,"['Transfer', 'Payroll']",r1m4mgrJXVHxgz0bKpMLFPM0n6zeE5CBrbPAO
BpRVR9xK38i4axj16bJEFa0wQxKKrbH9NpQrP,Speedway,12.19,,2021-08-13,"['Travel', 'Gas Stations']",a5ZmZwdJDjU4ewp1Y8BkFKDELpxo18SZK4oaD
j51o1y3bAVUYMK8yg4rJIXdwjqARj7CR3q3mB,NAPA FARMS MARKET T2 SAN FRANCISCO CA 08/11,34.1,2021-08-11,2021-08-12,"['Shops', 'Supermarkets and Groceries']",r1m4mgrJXVHxgz0bKpMLFPM0n6zeE5CBrbPAO
1EM1MQnv7eHz13A9j7DRczPVem556nCmAvEer,FARMERBROWN,4.24,,2021-08-11,"['Food and Drink', 'Restaurants']",a5ZmZwdJDjU4ewp1Y8BkFKDELpxo18SZK4oaD
r1m4mgrJXVHxgz0bKpMLFPRjMarZM7fBbObe5,LE MARAIS BAKERY San Francisco CA 08/10,9.25,2021-08-10,2021-08-11,"['Shops', 'Food and Beverage Store']",r1m4mgrJXVHxgz0bKpMLFPM0n6zeE5CBrbPAO
6VMyMReabmTNaB9mg73wuNzg4yZZO5UaYJmnq,SP * SHOP.LANJAENICKE.,71.7,,2021-08-11,['Shops'],a5ZmZwdJDjU4ewp1Y8BkFKDELpxo18SZK4oaD
4VMBMbnrNQTN4gw5LPqDuNdgORKEOpIkqjq8Q,"BOUDIN BAKERY, BAKER SAN FRANCISCO CA 08/09",15.41,2021-08-09,2021-08-10,"['Shops', 'Food and Beverage Store']",r1m4mgrJXVHxgz0bKpMLFPM0n6zeE5CBrbPAO
DoMYMrxAONc0D6p5nVwXc0DMeAQQvqfZga09v,DELTA AIR Baggage Fee,30.0,,2021-08-10,"['Travel', 'Airlines and Aviation Services']",a5ZmZwdJDjU4ewp1Y8BkFKDELpxo18SZK4oaD
a5ZmZwdJDjU4ewp1Y8BkFKekDA9BD6SZ4q4bR,KUMA SUSHI + SAK San Francisco CA 08/09,78.26,2021-08-09,2021-08-10,"['Food and Drink', 'Restaurants']",r1m4mgrJXVHxgz0bKpMLFPM0n6zeE5CBrbPAO
d5b9bDLRyVUJY9ZqdNKEtEZR3nNNBDUbDnLAp,RACHEL CHO FLORAL DESI,1093.38,,2021-08-10,"['Shops', 'Florists']",a5ZmZwdJDjU4ewp1Y8BkFKDELpxo18SZK4oaD
Lo6J6Dqwbacg7vNyaMpjIZ7M5Qqq1zH08Ma5E,THE INTERVAL,20.4,,2021-08-10,"['Food and Drink', 'Restaurants']",a5ZmZwdJDjU4ewp1Y8BkFKDELpxo18SZK4oaD
o6y4yxrJnvcagYo80pEMUxqRNwaQNgHBO1OQm,AFFIRM *PAYMENT CA 08/07,15.94,2021-08-07,2021-08-09,"['Service', 'Financial', 'Loans and Mortgages']",r1m4mgrJXVHxgz0bKpMLFPM0n6zeE5CBrbPAO
5zM3MRn4J8i91jJNA7BxF9ojvY7LvatBVEVA0,BLUESTONE LANE - REX SAN FRANCISCO CA 08/08,4.68,2021-08-08,2021-08-09,"['Shops', 'Food and Beverage Store']",r1m4mgrJXVHxgz0bKpMLFPM0n6zeE5CBrbPAO
xKawaOr1mvfNX9wekRM3uwjA8gKq85HMo1oyB,"CKE*JTGSF, INC. SAN SAN FRANCISCO CA 08/08",54.11,2021-08-08,2021-08-09,"['Food and Drink', 'Restaurants']",r1m4mgrJXVHxgz0bKpMLFPM0n6zeE5CBrbPAO
JXdJd61myxSdwpn15MqJsXwjyJ8nypCbkzkvo,JAPANESE TEA GAR San Francisco CA 08/08,55.0,2021-08-08,2021-08-09,"['Shops', 'Food and Beverage Store']",r1m4mgrJXVHxgz0bKpMLFPM0n6zeE5CBrbPAO
8VMkMaxwJNT6eQgdDaXVF69LzeOVzaIyZ7ZVk,KATSURA GARDEN SAN FRANCISCO CA 326401 08/08,8.15,2021-08-08,2021-08-09,"['Food and Drink', 'Restaurants']",r1m4mgrJXVHxgz0bKpMLFPM0n6zeE5CBrbPAO
Z5jRjPX0y7UKOyZA68w1CBZqJYVaJgURvyvL3,MAIDO STATIONERY - J SAN FRANCISCO CA 08/08,46.65,2021-08-08,2021-08-09,"['Shops', 'Cards and Stationery']",r1m4mgrJXVHxgz0bKpMLFPM0n6zeE5CBrbPAO
wy4d4ARDqOFm87RbA5MBF0dnPkYYpNfLr4g7o,DAISO BA07 JPN TOWN UBOC,8.5,,2021-08-08,['Shops'],a5ZmZwdJDjU4ewp1Y8BkFKDELpxo18SZK4oaD
zAJLJOaqRpCpqmVQLvMKUZJrNy99zPHOKwR75,USA*GLASS COAT PHOTOBOOTH,5.5,,2021-08-08,"['Shops', 'Photos and Frames']",a5ZmZwdJDjU4ewp1Y8BkFKDELpxo18SZK4oaD
YQ0p01XvMRtyg6QkL8ODf8aKBXrrnqHQ96YLd,ARCO#02090WASHINGTON STR,90.78,,2021-08-07,"['Travel', 'Gas Stations']",a5ZmZwdJDjU4ewp1Y8BkFKDELpxo18SZK4oaD
0eMDManAQ8sZn7NQYgLDcZjDyoPPwKHrJ1oKE,INDIGO VINTAGE,62.93,,2021-08-07,['Shops'],4VMBMbnrNQTN4gw5LPqDuNO3vxBP9mtkDqwEV
v3rVragLO0T5DZyb0XMqfbg6Ok33eYCmgLzdD,In-N-Out Burger,38.64,,2021-08-07,"['Food and Drink', 'Restaurants', 'Fast Food']",4VMBMbnrNQTN4gw5LPqDuNO3vxBP9mtkDqwEV
j51o1y3bAVUYMK8yg4rJIXdq64VVY8fR3qmrX,ONE HOUSE BAKERY,126.26,,2021-08-07,"['Shops', 'Food and Beverage Store']",4VMBMbnrNQTN4gw5LPqDuNO3vxBP9mtkDqwEV
a5ZmZwdJDjU4ewp1Y8BkFKeAXdPPxMUZ4qbEY,Safeway,5.19,,2021-08-07,"['Shops', 'Supermarkets and Groceries']",4VMBMbnrNQTN4gw5LPqDuNO3vxBP9mtkDqwEV
4VMBMbnrNQTN4gw5LPqDuNdRnZMMB1Ukqj8Bd,THE WASTELAND (SAN FRANCI,95.59,,2021-08-07,"['Shops', 'Clothing and Accessories']",4VMBMbnrNQTN4gw5LPqDuNO3vxBP9mtkDqwEV
ezdMd1DJymi8j7Nv5YkRCANoJ3eeKxIdavY0Y,Lyft,40.91,,2021-08-06,"['Travel', 'Taxi']",a5ZmZwdJDjU4ewp1Y8BkFKDELpxo18SZK4oaD
mdB4BAkojncVrZ94gpO5Fqj9k4dd6asMN5QaJ,ODETTE WINERY,527.54,,2021-08-06,"['Shops', 'Food and Beverage Store']",a5ZmZwdJDjU4ewp1Y8BkFKDELpxo18SZK4oaD
ykx6xO4PR9fEj3qb47MyUA8D5BNN7JIOaV9na,BOS HUDSON ST1945,4.59,,2021-08-05,"['Shops', 'Newsstands']",4VMBMbnrNQTN4gw5LPqDuNO3vxBP9mtkDqwEV
KowmwLPdQacX5oYm4Jp3IxRrOvkkK8tQNjABA,Dunkin' Donuts,5.57,,2021-08-05,"['Food and Drink', 'Restaurants', 'Coffee Shop']",4VMBMbnrNQTN4gw5LPqDuNO3vxBP9mtkDqwEV
V5kQk6XKM9Uq80Z3gzawCAaKmLQQ3EIrk0YPQ,Etsy.com - Multiple Shops,-10.18,,2021-08-05,"['Shops', 'Digital Purchase']",a5ZmZwdJDjU4ewp1Y8BkFKDELpxo18SZK4oaD
3VeqeQnm08TdBDx13vPwsMejRydd73sKL5Qj0,JetBlue,36.0,,2021-08-05,"['Travel', 'Airlines and Aviation Services']",4VMBMbnrNQTN4gw5LPqDuNO3vxBP9mtkDqwEV
r1m4mgrJXVHxgz0bKpMLFPRawYqqzDHBbOepY,LA TAQUERIA,82.08,,2021-08-05,"['Food and Drink', 'Restaurants']",4VMBMbnrNQTN4gw5LPqDuNO3vxBP9mtkDqwEV
AVMNMa8yKET0e31K9bxDc0bzw577aYf6jaQEO,Target,54.3,,2021-08-05,"['Shops', 'Supermarkets and Groceries']",4VMBMbnrNQTN4gw5LPqDuNO3vxBP9mtkDqwEV
gM686qPJkVH5paMDxOv4fzMXyA3py4fqAQA4Q,Venmo,-1001.0,,2021-08-05,"['Transfer', 'Third Party', 'Venmo']",r1m4mgrJXVHxgz0bKpMLFPM0n6zeE5CBrbPAO
bgm8m6wnoXta79gbApOzUka0Qyg6Q1uq949rR,Venmo,50.0,,2021-08-05,"['Transfer', 'Third Party', 'Venmo']",r1m4mgrJXVHxgz0bKpMLFPM0n6zeE5CBrbPAO
a5ZmZwdJDjU4ewp1Y8BkFKeAXdPPxMUZ4qbg7,AWAY,525.94,,2021-08-04,"['Food and Drink', 'Restaurants']",4VMBMbnrNQTN4gw5LPqDuNO3vxBP9mtkDqwEV
8VMkMaxwJNT6eQgdDaXVF69ePxppmDUyZ7B3J,EYE ADORE THREADING,21.25,,2021-08-04,"['Service', 'Personal Care']",4VMBMbnrNQTN4gw5LPqDuNO3vxBP9mtkDqwEV
NoDJDP3L79cYXapwvmK8IOXwmz88Y0FR3BQm3,JetBlue,35.0,,2021-08-04,"['Travel', 'Airlines and Aviation Services']",a5ZmZwdJDjU4ewp1Y8BkFKDELpxo18SZK4oaD
xKawaOr1mvfNX9wekRM3uwjgByzz0vSMo1y4m,LA COLOMBE - SEAPORT,5.05,,2021-08-04,"['Shops', 'Food and Beverage Store']",4VMBMbnrNQTN4gw5LPqDuNO3vxBP9mtkDqwEV
JXdJd61myxSdwpn15MqJsXwJmvqq09fbkzq87,"MAXILASH, LLC clover.com",228.0,,2021-08-04,"['Shops', 'Digital Purchase']",4VMBMbnrNQTN4gw5LPqDuNO3vxBP9mtkDqwEV
kXPbPKyZgnS7gOwxoE48UNvjwE44m6UREm0Aj,SEAPORT SQUARE GARAGE,31.0,,2021-08-04,"['Travel', 'Parking']",4VMBMbnrNQTN4gw5LPqDuNO3vxBP9mtkDqwEV
BpRVR9xK38i4axj16bJEFa0wQxKKrbH9NpQ08,Sephora,235.88,,2021-08-04,"['Shops', 'Beauty Products']",4VMBMbnrNQTN4gw5LPqDuNO3vxBP9mtkDqwEV
7VzKzaxdRbT36NnaBbyXIBJMq4aeqdUQYKYkd,Venmo,62.64,,2021-08-04,"['Transfer', 'Third Party', 'Venmo']",r1m4mgrJXVHxgz0bKpMLFPM0n6zeE5CBrbPAO
nw343vAbXViO5817RpMEfVZ5MnNNLbUA7mN10,Etsy,40.38,,2021-08-03,"['Shops', 'Digital Purchase']",a5ZmZwdJDjU4ewp1Y8BkFKDELpxo18SZK4oaD
X5v8vmXAr9U3ABzK5pJLI1zOmp77xDS46ByYP,Etsy.com - WedcoHandmade,100.18,,2021-08-03,"['Shops', 'Digital Purchase']",a5ZmZwdJDjU4ewp1Y8BkFKDELpxo18SZK4oaD
pLK4KAxJmjiPVKYbmpMwi7opdgjjYzfJa0Dp7,KLARNA INC KLARNA.COM,43.31,,2021-08-03,"['Service', 'Financial']",a5ZmZwdJDjU4ewp1Y8BkFKDELpxo18SZK4oaD
4VMBMbnrNQTN4gw5LPqDuNdRnZMMB1Ukqj8Bk,REGAL FENWAY 13 1930,11.0,,2021-08-03,"['Recreation', 'Arts and Entertainment']",4VMBMbnrNQTN4gw5LPqDuNO3vxBP9mtkDqwEV
V5kQk6XKM9Uq80Z3gzawCAae1KXb1Mcrk0k5q,SP * FERKOS FINE JEW HTTPSFERKOSFI NJ 08/02,8.95,2021-08-02,2021-08-03,['Shops'],r1m4mgrJXVHxgz0bKpMLFPM0n6zeE5CBrbPAO
9OMAMbx6Jmf8OJLxZwkoC8RQ67LA6NUdyNy8M,Spotify,9.99,2021-08-03,2021-08-03,"['Service', 'Subscription']",r1m4mgrJXVHxgz0bKpMLFPM0n6zeE5CBrbPAO
RoBJByAqb9cLAkX1ngpoUEAvbR4rbZfy161Bw,BARCELONA WINE BAR -SO MA 07/30,163.09,2021-07-30,2021-08-02,"['Food and Drink', 'Bar']",r1m4mgrJXVHxgz0bKpMLFPM0n6zeE5CBrbPAO
MELJL1B6POHqQopd1gyRCnQEjdMBjKIMPAPR8,Nordstrom,0.63,2021-07-31,2021-08-02,"['Shops', 'Department Stores']",r1m4mgrJXVHxgz0bKpMLFPM0n6zeE5CBrbPAO
